scenario_id,parameter_group,level,longitude,latitude,altitude,clearance [m],sp [W/m2],p_rated [MW],Nwt,wind_MW_per_km2 [MW/km2],wind_MW [MW],solar_MW [MW],b_P [MW],b_E_h [h],NPV_over_CAPEX,NPV [MEuro],IRR,LCOE [Euro/MWh],Revenues [MEuro],CAPEX [MEuro],OPEX [MEuro],Wind CAPEX [MEuro],Wind OPEX [MEuro],PV CAPEX [MEuro],PV OPEX [MEuro],Batt CAPEX [MEuro],Batt OPEX [MEuro],Shared CAPEX [MEuro],Shared OPEX [MEuro],Mean Annual Electricity Sold [GWh],GUF,grid [MW],wind [MW],solar [MW],Battery Energy [MWh],Battery Power [MW],Awpp [km2],Apvp [km2],Plant area [km2],Break-even PPA price [Euro/MWh],site,weather_year,lifetime_years,price_added,CFADS [MEuro/yr],CFADS degradation rate [-/yr],Debt Amount [MEuro],Annual Debt Service [MEuro/yr],DSCR Min [-],DSCR Avg [-],DSCR P90 [-],LLCR [-],DSCR Breach Years,Debt Headroom [MEuro],Debt Headroom [% of CAPEX]
baseline,baseline,1.0,-1.7802,45.8912,100,27.0,342.9078061445605,15.0,31,5.0,465.0,545.82,0.0,3.0,-0.4893785657092524,-685.0798894153961,0.0021515652728634205,62.994732170276365,82.2821861470169,1399.89762,25.6839216,818.4,20.498631600000003,267.99762000000004,5.185290000000001,0.0,0.0,313.5,0.0,2102.3969953934156,0.4799993140167615,500.0,465.0,545.82,0.0,0.0,93.0,1.0,93.0,64.98035237295846,Sud_Atlantique_HiFiEMS,1985,25,0.0,56.598264547016896,0.0,979.928334,76.65657765204107,0.7143395411371911,0.7383353950906507,0.7143395411371911,0.7379041239935922,25,-376.99852262965555,-0.26930435286378696
baseline,baseline,1.0,-1.7802,45.8912,100,27.0,342.9078061445605,15.0,31,5.0,465.0,545.82,0.0,3.0,-0.7643052668762212,-1069.949124053487,-0.04759126142092773,59.71269822215714,51.807441077567375,1399.89762,25.6839216,818.4,20.498631600000003,267.99762000000004,5.185290000000001,0.0,0.0,313.5,0.0,2217.952622868723,0.5063818773672885,500.0,465.0,545.82,0.0,0.0,93.0,1.0,93.0,61.73702143304323,Sud_Atlantique_HiFiEMS,1983,25,0.0,26.123519477567374,0.0,979.928334,76.65657765204107,0.33301235087824343,0.34078640447721326,0.33301235087824343,0.3405930642219779,25,-701.6397893423285,-0.5012079307216256
baseline,baseline,1.0,-1.7802,45.8912,100,27.0,342.9078061445605,15.0,31,5.0,465.0,545.82,0.0,3.0,-0.7341481712718265,-1027.7322776907822,-0.04053513048391466,61.16643576232368,55.13557842615141,1399.89762,25.6839216,818.4,20.498631600000003,267.99762000000004,5.185290000000001,0.0,0.0,313.5,0.0,2165.2387292113594,0.49434674182907745,500.0,465.0,545.82,0.0,0.0,93.0,1.0,93.0,63.27216490094659,Sud_Atlantique_HiFiEMS,1992,25,0.0,29.45165682615141,0.0,979.928334,76.65657765204107,0.376869201228097,0.38420260502416553,0.376869201228097,0.3843470076367905,25,-666.1858184501745,-0.4758818137359034
baseline,baseline,1.0,-1.7802,45.8912,100,27.0,342.9078061445605,15.0,31,5.0,465.0,545.82,0.0,3.0,-0.5685657258503829,-795.9338064315235,-0.009682918468140511,57.18047229750536,73.49146694634246,1399.89762,25.6839216,818.4,20.498631600000003,267.99762000000004,5.185290000000001,0.0,0.0,313.5,0.0,2316.174216808279,0.5288068988146756,500.0,465.0,545.82,0.0,0.0,93.0,1.0,93.0,59.20843358509326,Sud_Atlantique_HiFiEMS,1991,25,0.0,47.80754534634245,0.0,979.928334,76.65657765204107,0.6166592943104697,0.6236587493293803,0.6166592943104697,0.6235737678917599,25,-470.64426798761394,-0.33619906289119483
baseline,baseline,1.0,-1.7802,45.8912,100,27.0,342.9078061445605,15.0,31,5.0,465.0,545.82,0.0,3.0,-0.7203577008162925,-1008.4270309213998,-0.03750691358120917,61.014380686470176,56.66435739229259,1399.89762,25.6839216,818.4,20.498631600000003,267.99762000000004,5.185290000000001,0.0,0.0,313.5,0.0,2170.634761023974,0.49557871256255115,500.0,465.0,545.82,0.0,0.0,93.0,1.0,93.0,62.17919373562836,Sud_Atlantique_HiFiEMS,1986,25,0.0,30.980435792292585,0.0,979.928334,76.65657765204107,0.398192058728179,0.4041458246795041,0.398192058728179,0.40425226319811264,25,-649.9000467739645,-0.4642482689369559
baseline,baseline,1.0,-1.7802,45.8912,100,27.0,342.9078061445605,15.0,31,5.0,465.0,545.82,0.0,3.0,-0.49847547205400666,-697.8146269567804,0.0008530481839723603,61.18063969920102,81.27118703214911,1399.89762,25.6839216,818.4,20.498631600000003,267.99762000000004,5.185290000000001,0.0,0.0,313.5,0.0,2164.7360389095693,0.49423197235378297,500.0,465.0,545.82,0.0,0.0,93.0,1.0,93.0,62.85360683235914,Sud_Atlantique_HiFiEMS,1987,25,0.0,55.58726543214911,0.0,979.928334,76.65657765204107,0.7096730221822061,0.7251467145385802,0.7096730221822061,0.7247379111590373,25,-387.76849076386304,-0.276997749852495
baseline,baseline,1.0,-1.7802,45.8912,100,27.0,342.9078061445605,15.0,31,5.0,465.0,545.82,0.0,3.0,-0.8021139178524221,-1122.8773645704814,-0.05757234559727997,61.245536237767915,47.61264523600641,1399.89762,25.6839216,818.4,20.498631600000003,267.99762000000004,5.185290000000001,0.0,0.0,313.5,0.0,2162.4422574445684,0.4937082779553809,500.0,465.0,545.82,0.0,0.0,93.0,1.0,93.0,63.13231117747758,Sud_Atlantique_HiFiEMS,1990,25,0.0,21.928723636006406,0.0,979.928334,76.65657765204107,0.27334395752141194,0.28606447493058074,0.27334395752141194,0.28599905447206825,25,-746.3260970539094,-0.5331290562904946
baseline,baseline,1.0,-1.7802,45.8912,100,27.0,342.9078061445605,15.0,31,5.0,465.0,545.82,0.0,3.0,-0.7367415703025892,-1031.3627708216575,-0.04115756328794984,60.810497640006375,54.852360499491034,1399.89762,25.6839216,818.4,20.498631600000003,267.99762000000004,5.185290000000001,0.0,0.0,313.5,0.0,2177.9123799386834,0.49724026939239346,500.0,465.0,545.82,0.0,0.0,93.0,1.0,93.0,62.33462558397788,Sud_Atlantique_HiFiEMS,1993,25,0.0,29.168438899491033,0.0,979.928334,76.65657765204107,0.36411072328944283,0.3805079719563294,0.36411072328944283,0.38048427923557576,25,-669.2028814725961,-0.4780370163588078
baseline,baseline,1.0,-1.7802,45.8912,100,27.0,342.9078061445605,15.0,31,5.0,465.0,545.82,0.0,3.0,-0.7115783407325991,-996.1368256351145,-0.03562620822993279,58.98486040627663,57.6373883748917,1399.89762,25.6839216,818.4,20.498631600000003,267.99762000000004,5.185290000000001,0.0,0.0,313.5,0.0,2245.3208285682226,0.5126303261571284,500.0,465.0,545.82,0.0,0.0,93.0,1.0,93.0,60.47449860938372,Sud_Atlantique_HiFiEMS,1984,25,0.0,31.953466774891698,0.0,979.928334,76.65657765204107,0.4125603776484695,0.41683920354407983,0.4125603776484695,0.4169442720130039,25,-639.5345454376359,-0.45684379793262014
baseline,baseline,1.0,-1.7802,45.8912,100,27.0,342.9078061445605,15.0,31,5.0,465.0,545.82,0.0,3.0,-0.8053920809693056,-1127.4664573157781,-0.05851176895928745,59.428995975064225,47.24715558780395,1399.89762,25.6839216,818.4,20.498631600000003,267.99762000000004,5.185290000000001,0.0,0.0,313.5,0.0,2228.540689059804,0.5087992440775808,500.0,465.0,545.82,0.0,0.0,93.0,1.0,93.0,61.04940668736409,Sud_Atlantique_HiFiEMS,1988,25,0.0,21.56323398780395,0.0,979.928334,76.65657765204107,0.2796056651369604,0.28129659121600253,0.2796056651369604,0.2812865462590533,25,-750.2195840081863,-0.5359103217906652
baseline,baseline,1.0,-1.7802,45.8912,100,27.0,342.9078061445605,15.0,31,5.0,465.0,545.82,0.0,3.0,-0.636487051041669,-891.016707914051,-0.021109855096973273,59.463614010468866,65.95374238017338,1399.89762,25.6839216,818.4,20.498631600000003,267.99762000000004,5.185290000000001,0.0,0.0,313.5,0.0,2227.243295657833,0.5085030355383181,500.0,465.0,545.82,0.0,0.0,93.0,1.0,93.0,60.94867057776142,Sud_Atlantique_HiFiEMS,1982,25,0.0,40.269820780173376,0.0,979.928334,76.65657765204107,0.5162243297074068,0.5253276628519189,0.5162243297074068,0.5254863461218604,25,-550.9421161145044,-0.39355886333638057
baseline,baseline,1.0,-1.7802,45.8912,100,27.0,342.9078061445605,15.0,31,5.0,465.0,545.82,0.0,3.0,-0.7029790468394318,-984.0986945803892,-0.03375033142451289,60.037377249033725,58.608203012492176,1399.89762,25.6839216,818.4,20.498631600000003,267.99762000000004,5.185290000000001,0.0,0.0,313.5,0.0,2205.958049950184,0.5036433903995854,500.0,465.0,545.82,0.0,0.0,93.0,1.0,93.0,61.963410466060324,Sud_Atlantique_HiFiEMS,1989,25,0.0,32.92428141249218,0.0,979.928334,76.65657765204107,0.4165693496621163,0.4295036697560619,0.4165693496621163,0.42922066031682393,25,-629.1926543742131,-0.449456192642297
baseline,baseline,1.0,-1.7802,45.8912,100,27.0,342.9078061445605,15.0,31,5.0,465.0,545.82,0.0,3.0,-0.7615996945036669,-1066.1615997284105,-0.047013300104970956,59.64918803524146,52.08832476291228,1399.89762,25.6839216,818.4,20.498631600000003,267.99762000000004,5.185290000000001,0.0,0.0,313.5,0.0,2220.3141401045536,0.506921036553551,500.0,465.0,545.82,0.0,0.0,93.0,1.0,93.0,61.79382638513355,Sud_Atlantique_HiFiEMS,1995,25,0.0,26.404403162912278,0.0,979.928334,76.65657765204107,0.3351401829237902,0.34445058691201863,0.3351401829237902,0.3446915315432975,25,-698.6475925183195,-0.4990704909679891
baseline,baseline,1.0,-1.7802,45.8912,100,27.0,342.9078061445605,15.0,31,5.0,465.0,545.82,0.0,3.0,-0.8194713579590535,-1147.176003665047,-0.0629029239173341,60.43172295492584,45.66450513991011,1399.89762,25.6839216,818.4,20.498631600000003,267.99762000000004,5.185290000000001,0.0,0.0,313.5,0.0,2191.563125532344,0.500356877975421,500.0,465.0,545.82,0.0,0.0,93.0,1.0,93.0,61.9561147516862,Sud_Atlantique_HiFiEMS,1994,25,0.0,19.98058353991011,0.0,979.928334,76.65657765204107,0.24732339248566354,0.2606506075787235,0.24732339248566354,0.26109563568379807,25,-767.0792376327446,-0.5479538122457446
baseline,baseline,1.0,-1.7802,45.8912,100,27.0,342.9078061445605,15.0,31,5.0,465.0,545.82,0.0,3.0,-0.7546729162829812,-1056.4648193830046,-0.04523399931172645,56.344175643283876,52.872194375886686,1399.89762,25.6839216,818.4,20.498631600000003,267.99762000000004,5.185290000000001,0.0,0.0,313.5,0.0,2350.55237082324,0.5366557924253973,500.0,465.0,545.82,0.0,0.0,93.0,1.0,93.0,58.05844389840913,Sud_Atlantique_HiFiEMS,1998,25,0.0,27.188272775886684,0.0,979.928334,76.65657765204107,0.346228436169633,0.35467631883201833,0.346228436169633,0.3545786135075984,25,-690.2971888147395,-0.4931054806813226
baseline,baseline,1.0,-1.7802,45.8912,100,27.0,342.9078061445605,15.0,31,5.0,465.0,545.82,0.0,3.0,-0.5933165895127006,-830.5824815653465,-0.013712553600318533,59.118822800575906,70.73864661809863,1399.89762,25.6839216,818.4,20.498631600000003,267.99762000000004,5.185290000000001,0.0,0.0,313.5,0.0,2240.232964163688,0.5114687132793808,500.0,465.0,545.82,0.0,0.0,93.0,1.0,93.0,61.09180882041072,Sud_Atlantique_HiFiEMS,1997,25,0.0,45.05472501809862,0.0,979.928334,76.65657765204107,0.573301220645919,0.5877476714732907,0.573301220645919,0.5878434669353784,25,-499.9695035673324,-0.35714719164058045
baseline,baseline,1.0,-1.7802,45.8912,100,27.0,342.9078061445605,15.0,31,5.0,465.0,545.82,0.0,3.0,-0.5401206731119009,-756.1136448021481,-0.005263893496759486,60.62181351922301,76.65409439093668,1399.89762,25.6839216,818.4,20.498631600000003,267.99762000000004,5.185290000000001,0.0,0.0,313.5,0.0,2184.6910864586002,0.49878791928278543,500.0,465.0,545.82,0.0,0.0,93.0,1.0,93.0,62.38946205092768,Sud_Atlantique_HiFiEMS,1996,25,0.0,50.97017279093667,0.0,979.928334,76.65657765204107,0.6556526878746518,0.6649158409119187,0.6556526878746518,0.664579613325506,25,-436.9534404708121,-0.31213242613471415
baseline,baseline,1.0,-1.7802,45.8912,100,27.0,342.9078061445605,15.0,31,5.0,465.0,545.82,0.0,3.0,-0.8310136807825379,-1163.3340739149146,-0.06637242140331034,62.69942386465811,44.39573868465913,1399.89762,25.6839216,818.4,20.498631600000003,267.99762000000004,5.185290000000001,0.0,0.0,313.5,0.0,2112.2990846978846,0.482260064999517,500.0,465.0,545.82,0.0,0.0,93.0,1.0,93.0,64.24396058414801,Sud_Atlantique_HiFiEMS,2000,25,0.0,18.711817084659128,0.0,979.928334,76.65657765204107,0.2295989286907674,0.24409930181850364,0.2295989286907674,0.2443579355189943,25,-780.5951488653589,-0.557608740605873
baseline,baseline,1.0,-1.7802,45.8912,100,27.0,342.9078061445605,15.0,31,5.0,465.0,545.82,0.0,3.0,-0.727514324753896,-1018.4455717388861,-0.03907122400217722,58.7626669290774,55.86870007432125,1399.89762,25.6839216,818.4,20.498631600000003,267.99762000000004,5.185290000000001,0.0,0.0,313.5,0.0,2253.8108387804805,0.5145686846530777,500.0,465.0,545.82,0.0,0.0,93.0,1.0,93.0,60.24289527615498,Sud_Atlantique_HiFiEMS,2001,25,0.0,30.184778474321245,0.0,979.928334,76.65657765204107,0.3858762347144161,0.3937663198497558,0.3858762347144161,0.393948198107788,25,-658.376022503598,-0.4703029800876425
baseline,baseline,1.0,-1.7802,45.8912,100,27.0,342.9078061445605,15.0,31,5.0,465.0,545.82,0.0,3.0,-0.8319772735074656,-1164.6830050771903,-0.06660484090981444,58.49293959012622,44.293228478448896,1399.89762,25.6839216,818.4,20.498631600000003,267.99762000000004,5.185290000000001,0.0,0.0,313.5,0.0,2264.2037922600525,0.5169415050822038,500.0,465.0,545.82,0.0,0.0,93.0,1.0,93.0,60.31125759583399,Sud_Atlantique_HiFiEMS,1999,25,0.0,18.609306878448894,0.0,979.928334,76.65657765204107,0.23279131619762314,0.24276203619368603,0.23279131619762314,0.24294968769425085,25,-781.6871692618946,-0.5583888122203499
baseline,baseline,1.0,-1.7802,45.8912,100,27.0,342.9078061445605,15.0,31,5.0,465.0,545.82,0.0,3.0,-0.749175305951223,-1048.7687277638888,-0.04396334621835052,61.9464492449982,53.47571338303001,1399.89762,25.6839216,818.4,20.498631600000003,267.99762000000004,5.185290000000001,0.0,0.0,313.5,0.0,2137.9746095954915,0.48812205698527206,500.0,465.0,545.82,0.0,0.0,93.0,1.0,93.0,63.56526676085578,Sud_Atlantique_HiFiEMS,2004,25,0.0,27.79179178303001,0.0,979.928334,76.65657765204107,0.35652257518800257,0.36254934193882626,0.35652257518800257,0.36257438049435103,25,-683.8680234675749,-0.48851288386901814
baseline,baseline,1.0,-1.7802,45.8912,100,27.0,342.9078061445605,15.0,31,5.0,465.0,545.82,0.0,3.0,-0.8085563069783958,-1131.8960497750456,-0.05939821704708548,60.74278416387461,46.8937525043087,1399.89762,25.6839216,818.4,20.498631600000003,267.99762000000004,5.185290000000001,0.0,0.0,313.5,0.0,2180.340224167196,0.49779457172767033,500.0,465.0,545.82,0.0,0.0,93.0,1.0,93.0,62.379248180247146,Sud_Atlantique_HiFiEMS,2005,25,0.0,21.2098309043087,0.0,979.928334,76.65657765204107,0.26448100902263655,0.2766863790943577,0.26448100902263655,0.27676816761844836,25,-753.9843152446447,-0.538599612194958
baseline,baseline,1.0,-1.7802,45.8912,100,27.0,342.9078061445605,15.0,31,5.0,465.0,545.82,0.0,3.0,-0.7103537470535237,-994.4225198583099,-0.035414164584580465,61.52979855175428,57.76643017225177,1399.89762,25.6839216,818.4,20.498631600000003,267.99762000000004,5.185290000000001,0.0,0.0,313.5,0.0,2152.451962426032,0.49142738868174246,500.0,465.0,545.82,0.0,0.0,93.0,1.0,93.0,63.52024209151249,Sud_Atlantique_HiFiEMS,2003,25,0.0,32.08250857225177,0.0,979.928334,76.65657765204107,0.4116249393420111,0.4185225789478946,0.4116249393420111,0.4187436428533304,25,-638.1598893918384,-0.45586182894706145
baseline,baseline,1.0,-1.7802,45.8912,100,27.0,342.9078061445605,15.0,31,5.0,465.0,545.82,0.0,3.0,-0.6356200662233437,-889.8030179303012,-0.020930064617057376,55.740161091050076,66.05694922316552,1399.89762,25.6839216,818.4,20.498631600000003,267.99762000000004,5.185290000000001,0.0,0.0,313.5,0.0,2376.023553718562,0.5424711309859731,500.0,465.0,545.82,0.0,0.0,93.0,1.0,93.0,57.40600456930735,Sud_Atlantique_HiFiEMS,2002,25,0.0,40.37302762316551,0.0,979.928334,76.65657765204107,0.5194931839733389,0.5266740162393688,0.5194931839733389,0.5266844298486782,25,-549.8426745878886,-0.39277349052703486
baseline,baseline,1.0,-1.7802,45.8912,100,27.0,342.9078061445605,15.0,31,5.0,465.0,545.82,0.0,3.0,-0.8286975541727895,-1160.091733786309,-0.0655146123505016,64.61756363770142,44.66239312545009,1399.89762,25.6839216,818.4,20.498631600000003,267.99762000000004,5.185290000000001,0.0,0.0,313.5,0.0,2049.5965521536514,0.4679444182999204,500.0,465.0,545.82,0.0,0.0,93.0,1.0,93.0,66.0664366033243,Sud_Atlantique_HiFiEMS,2008,25,0.0,18.978471525450086,0.0,979.928334,76.65657765204107,0.24285924688404123,0.24757786098405035,0.24285924688404123,0.24763709655730484,25,-777.7545332921799,-0.5555795810926373
baseline,baseline,1.0,-1.7802,45.8912,100,27.0,342.9078061445605,15.0,31,5.0,465.0,545.82,0.0,3.0,-0.4649111618985897,-650.8280290532705,0.005515498116561046,61.511435831683386,84.97622308838274,1399.89762,25.6839216,818.4,20.498631600000003,267.99762000000004,5.185290000000001,0.0,0.0,313.5,0.0,2153.094523802103,0.49157409219226095,500.0,465.0,545.82,0.0,0.0,93.0,1.0,93.0,63.10177422215037,Sud_Atlantique_HiFiEMS,2010,25,0.0,59.29230148838273,0.0,979.928334,76.65657765204107,0.7639199740790346,0.7734796322048433,0.7639199740790346,0.7733986477347288,25,-348.2994945254792,-0.248803547880508
baseline,baseline,1.0,-1.7802,45.8912,100,27.0,342.9078061445605,15.0,31,5.0,465.0,545.82,0.0,3.0,-0.8291231683916982,-1160.6875501183974,-0.06569232247830181,58.839880317341205,44.618026635142215,1399.89762,25.6839216,818.4,20.498631600000003,267.99762000000004,5.185290000000001,0.0,0.0,313.5,0.0,2250.853246575511,0.5138934352912126,500.0,465.0,545.82,0.0,0.0,93.0,1.0,93.0,60.43413197529205,Sud_Atlantique_HiFiEMS,2007,25,0.0,18.934105035142213,0.0,979.928334,76.65657765204107,0.23888953695536705,0.24699909146854618,0.23888953695536705,0.24696130233579608,25,-778.2271604980948,-0.5559171966433479
baseline,baseline,1.0,-1.7802,45.8912,100,27.0,342.9078061445605,15.0,31,5.0,465.0,545.82,0.0,3.0,-0.7872601565054382,-1102.0836194127905,-0.0537298654919256,63.76098616288004,49.235833194248904,1399.89762,25.6839216,818.4,20.498631600000003,267.99762000000004,5.185290000000001,0.0,0.0,313.5,0.0,2077.131230405985,0.4742308745219144,500.0,465.0,545.82,0.0,0.0,93.0,1.0,93.0,65.13301186948755,Sud_Atlantique_HiFiEMS,2011,25,0.0,23.551911594248903,0.0,979.928334,76.65657765204107,0.28398463139382724,0.30723927829331965,0.28398463139382724,0.30759539858207086,25,-729.0346055688874,-0.5207770876622302
baseline,baseline,1.0,-1.7802,45.8912,100,27.0,342.9078061445605,15.0,31,5.0,465.0,545.82,0.0,3.0,-0.6664491943832354,-932.9606410680085,-0.026550244864177452,62.39754592064069,62.64488444250479,1399.89762,25.6839216,818.4,20.498631600000003,267.99762000000004,5.185290000000001,0.0,0.0,313.5,0.0,2122.5183408469875,0.4845932285038784,500.0,465.0,545.82,0.0,0.0,93.0,1.0,93.0,64.42961911903632,Sud_Atlantique_HiFiEMS,2009,25,0.0,36.960962842504784,0.0,979.928334,76.65657765204107,0.467180588323976,0.48216296597896274,0.467180588323976,0.48216734213629653,25,-586.1907073597804,-0.41873826984560514
baseline,baseline,1.0,-1.7802,45.8912,100,27.0,342.9078061445605,15.0,31,5.0,465.0,545.82,0.0,3.0,-0.7940000303909671,-1111.5187528242425,-0.05530521287834489,59.72223314616102,48.51124655720672,1399.89762,25.6839216,818.4,20.498631600000003,267.99762000000004,5.185290000000001,0.0,0.0,313.5,0.0,2217.5985167245094,0.5063010312156414,500.0,465.0,545.82,0.0,0.0,93.0,1.0,93.0,61.47282643451683,Sud_Atlantique_HiFiEMS,2014,25,0.0,22.827324957206717,0.0,979.928334,76.65657765204107,0.2900434513721713,0.2977869043518266,0.2900434513721713,0.29774289071302423,25,-736.7534797762477,-0.5262909724614345
baseline,baseline,1.0,-1.7802,45.8912,100,27.0,342.9078061445605,15.0,31,5.0,465.0,545.82,0.0,3.0,-0.7763566703714796,-1086.819855124159,-0.05082742314877786,60.98099019056271,50.44165944221105,1399.89762,25.6839216,818.4,20.498631600000003,267.99762000000004,5.185290000000001,0.0,0.0,313.5,0.0,2171.823304714034,0.49585006956941413,500.0,465.0,545.82,0.0,0.0,93.0,1.0,93.0,62.96111544273659,Sud_Atlantique_HiFiEMS,2012,25,0.0,24.757737842211046,0.0,979.928334,76.65657765204107,0.31188205821800863,0.3229695167789929,0.31188205821800863,0.32341936049756753,25,-716.1891835749803,-0.5116011152122542
baseline,baseline,1.0,-1.7802,45.8912,100,27.0,342.9078061445605,15.0,31,5.0,465.0,545.82,0.0,3.0,-0.7182494918377597,-1005.4757541898892,-0.0370190168672212,62.58496000340173,56.908176500017255,1399.89762,25.6839216,818.4,20.498631600000003,267.99762000000004,5.185290000000001,0.0,0.0,313.5,0.0,2116.1623436877385,0.48314208759994026,500.0,465.0,545.82,0.0,0.0,93.0,1.0,93.0,64.49545152959722,Sud_Atlantique_HiFiEMS,2006,25,0.0,31.224254900017254,0.0,979.928334,76.65657765204107,0.4015726823245113,0.4073264924733548,0.4015726823245113,0.4071890985480718,25,-647.3026913637681,-0.4623928793905429
baseline,baseline,1.0,-1.7802,45.8912,100,27.0,342.9078061445605,15.0,31,5.0,465.0,545.82,0.0,3.0,-0.6934789665174028,-970.7995547477718,-0.03178496669989084,59.85426306561186,59.66407188127353,1399.89762,25.6839216,818.4,20.498631600000003,267.99762000000004,5.185290000000001,0.0,0.0,313.5,0.0,2212.7068124658417,0.5051842037593246,500.0,465.0,545.82,0.0,0.0,93.0,1.0,93.0,61.744583231765965,Sud_Atlantique_HiFiEMS,2013,25,0.0,33.980150281273524,0.0,979.928334,76.65657765204107,0.4244404942858447,0.4432776849954866,0.4244404942858447,0.44295243794209316,25,-617.9446978691633,-0.4414213504192995
baseline,baseline,1.0,-1.7802,45.8912,100,27.0,342.9078061445605,15.0,31,5.0,465.0,545.82,0.0,3.0,-0.8174293691861442,-1144.3174284417846,-0.062112558928250516,61.43119634753011,45.90212944303062,1399.89762,25.6839216,818.4,20.498631600000003,267.99762000000004,5.185290000000001,0.0,0.0,313.5,0.0,2155.9068277159936,0.492216170711414,500.0,465.0,545.82,0.0,0.0,93.0,1.0,93.0,62.98127554898074,Sud_Atlantique_HiFiEMS,2015,25,0.0,20.218207843030616,0.0,979.928334,76.65657765204107,0.2518564702929868,0.2637504629388093,0.2518564702929868,0.26399744440773765,25,-764.5478742172031,-0.5461455632856945
electricity_price_x0.80,electricity_price,0.8,-1.7802,45.8912,100,27.0,342.9078061445605,15.0,31,5.0,465.0,545.82,0.0,3.0,-0.8578891003054717,-1200.9569097415713,-0.0754398931022936,59.71269822215714,41.436571941768506,1399.89762,25.6839216,818.4,20.498631600000003,267.99762000000004,5.185290000000001,0.0,0.0,313.5,0.0,2217.952622868723,0.5063818773672885,500.0,465.0,545.82,0.0,0.0,93.0,1.0,93.0,61.79324600793474,Sud_Atlantique_HiFiEMS,1983,25,0.8,15.752650341768504,0.0,979.928334,76.65657765204107,0.19926714687364377,0.20549639475522652,0.19926714687364377,0.20534145767382814,25,-812.1185508704204,-0.5801271030594513
electricity_price_x0.80,electricity_price,0.8,-1.7802,45.8912,100,27.0,342.9078061445605,15.0,31,5.0,465.0,545.82,0.0,3.0,-0.7556341029895349,-1057.8103823658848,-0.04556268641352401,59.463614010468866,52.753672333220834,1399.89762,25.6839216,818.4,20.498631600000003,267.99762000000004,5.185290000000001,0.0,0.0,313.5,0.0,2227.243295657833,0.5085030355383181,500.0,465.0,545.82,0.0,0.0,93.0,1.0,93.0,60.99921082613391,Sud_Atlantique_HiFiEMS,1982,25,0.8,27.069750733220832,0.0,979.928334,76.65657765204107,0.345828880057474,0.35313017567906074,0.345828880057474,0.35325662915313366,25,-691.5597800514088,-0.49400739752054784
electricity_price_x0.80,electricity_price,0.8,-1.7802,45.8912,100,27.0,342.9078061445605,15.0,31,5.0,465.0,545.82,0.0,3.0,-0.8157075196919882,-1141.9070154329174,-0.06153258892023239,58.98486040627663,46.10052605697264,1399.89762,25.6839216,818.4,20.498631600000003,267.99762000000004,5.185290000000001,0.0,0.0,313.5,0.0,2245.3208285682226,0.5126303261571284,500.0,465.0,545.82,0.0,0.0,93.0,1.0,93.0,60.445105410290836,Sud_Atlantique_HiFiEMS,1984,25,0.8,20.41660445697264,0.0,979.928334,76.65657765204107,0.2629167106877876,0.26633858544595523,0.2629167106877876,0.26642261165098824,25,-762.434395403357,-0.5446358251565261
electricity_price_x0.80,electricity_price,0.8,-1.7802,45.8912,100,27.0,342.9078061445605,15.0,31,5.0,465.0,545.82,0.0,3.0,-0.6379466896411756,-893.0600525155604,-0.02128244027326709,62.994732170276365,65.8164703997347,1399.89762,25.6839216,818.4,20.498631600000003,267.99762000000004,5.185290000000001,0.0,0.0,313.5,0.0,2102.3969953934156,0.4799993140167615,500.0,465.0,545.82,0.0,0.0,93.0,1.0,93.0,65.0212910996388,Sud_Atlantique_HiFiEMS,1985,25,0.8,40.13254879973469,0.0,979.928334,76.65657765204107,0.504343983873449,0.5235369231053341,0.504343983873449,0.5231919527114095,25,-552.4044466282533,-0.39460346152188847
electricity_price_x0.80,electricity_price,0.8,-1.7802,45.8912,100,27.0,342.9078061445605,15.0,31,5.0,465.0,545.82,0.0,3.0,-0.8227337340233388,-1151.7429961529851,-0.06367138861936283,61.014380686470176,45.32180927751446,1399.89762,25.6839216,818.4,20.498631600000003,267.99762000000004,5.185290000000001,0.0,0.0,313.5,0.0,2170.634761023974,0.49557871256255115,500.0,465.0,545.82,0.0,0.0,93.0,1.0,93.0,62.10488329287423,Sud_Atlantique_HiFiEMS,1986,25,0.8,19.63788767751446,0.0,979.928334,76.65657765204107,0.25143042055386994,0.2561800732437417,0.25143042055386994,0.25626496810640964,25,-770.7299070185518,-0.5505616239411506
electricity_price_x0.80,electricity_price,0.8,-1.7802,45.8912,100,27.0,342.9078061445605,15.0,31,5.0,465.0,545.82,0.0,3.0,-0.6452319276657057,-903.2586398872335,-0.02261307820833569,61.18063969920102,65.00681506408596,1399.89762,25.6839216,818.4,20.498631600000003,267.99762000000004,5.185290000000001,0.0,0.0,313.5,0.0,2164.7360389095693,0.49423197235378297,500.0,465.0,545.82,0.0,0.0,93.0,1.0,93.0,62.82866277120831,Sud_Atlantique_HiFiEMS,1987,25,0.8,39.32289346408595,0.0,979.928334,76.65657765204107,0.5005951720966608,0.5129748114060104,0.5005951720966608,0.5126478508022647,25,-561.0295403957866,-0.4007646933464939
electricity_price_x0.80,electricity_price,0.8,-1.7802,45.8912,100,27.0,342.9078061445605,15.0,31,5.0,465.0,545.82,0.0,3.0,-0.8088292172357601,-1132.2780961948035,-0.059397493870648965,60.037377249033725,46.87706069218265,1399.89762,25.6839216,818.4,20.498631600000003,267.99762000000004,5.185290000000001,0.0,0.0,313.5,0.0,2205.958049950184,0.5036433903995854,500.0,465.0,545.82,0.0,0.0,93.0,1.0,93.0,61.92908092841325,Sud_Atlantique_HiFiEMS,1989,25,0.8,21.19313909218265,0.0,979.928334,76.65657765204107,0.266112123714097,0.27646863115103304,0.266112123714097,0.2762419937027898,25,-754.1621297274231,-0.5387266318285641
electricity_price_x0.80,electricity_price,0.8,-1.7802,45.8912,100,27.0,342.9078061445605,15.0,31,5.0,465.0,545.82,0.0,3.0,-0.8881331085235861,-1243.2954248653698,-0.08773911465324691,61.245536237767915,38.081044047889144,1399.89762,25.6839216,818.4,20.498631600000003,267.99762000000004,5.185290000000001,0.0,0.0,313.5,0.0,2162.4422574445684,0.4937082779553809,500.0,465.0,545.82,0.0,0.0,93.0,1.0,93.0,63.121364959168,Sud_Atlantique_HiFiEMS,1990,25,0.8,12.397122447889142,0.0,979.928334,76.65657765204107,0.151542105852146,0.16172287920499223,0.151542105852146,0.16167063154045838,25,-847.8643076758073,-0.6056616537970879
electricity_price_x0.80,electricity_price,0.8,-1.7802,45.8912,100,27.0,342.9078061445605,15.0,31,5.0,465.0,545.82,0.0,3.0,-0.7013009044471017,-981.7494670393452,-0.033460417982612456,57.18047229750536,58.78340111390214,1399.89762,25.6839216,818.4,20.498631600000003,267.99762000000004,5.185290000000001,0.0,0.0,313.5,0.0,2316.174216808279,0.5288068988146756,500.0,465.0,545.82,0.0,0.0,93.0,1.0,93.0,59.159140131126655,Sud_Atlantique_HiFiEMS,1991,25,0.8,33.09947951390214,0.0,979.928334,76.65657765204107,0.42618578727228595,0.4317891631445774,0.42618578727228595,0.4317211798599715,25,-627.3263046003999,-0.4481229881656631
electricity_price_x0.80,electricity_price,0.8,-1.7802,45.8912,100,27.0,342.9078061445605,15.0,31,5.0,465.0,545.82,0.0,3.0,-0.8337671807455742,-1167.1886919598392,-0.06713231825333155,61.16643576232368,44.09866289309638,1399.89762,25.6839216,818.4,20.498631600000003,267.99762000000004,5.185290000000001,0.0,0.0,313.5,0.0,2165.2387292113594,0.49434674182907745,500.0,465.0,545.82,0.0,0.0,93.0,1.0,93.0,63.17747326110403,Sud_Atlantique_HiFiEMS,1992,25,0.8,18.41474129309638,0.0,979.928334,76.65657765204107,0.23436871222801858,0.24022389020136575,0.23436871222801858,0.240339221044815,25,-783.7598369066473,-0.5598693973825366
electricity_price_x0.80,electricity_price,0.8,-1.7802,45.8912,100,27.0,342.9078061445605,15.0,31,5.0,465.0,545.82,0.0,3.0,-0.8907570922014622,-1246.9687333709473,-0.08893446059916588,59.428995975064225,37.78850147255289,1399.89762,25.6839216,818.4,20.498631600000003,267.99762000000004,5.185290000000001,0.0,0.0,313.5,0.0,2228.540689059804,0.5087992440775808,500.0,465.0,545.82,0.0,0.0,93.0,1.0,93.0,61.0163635932045,Sud_Atlantique_HiFiEMS,1988,25,0.8,12.104579872552886,0.0,979.928334,76.65657765204107,0.15653803785591971,0.15790660427729897,0.15653803785591971,0.15789846180822606,25,-850.9807042857909,-0.6078878141715756
electricity_price_x0.80,electricity_price,0.8,-1.7802,45.8912,100,27.0,342.9078061445605,15.0,31,5.0,465.0,545.82,0.0,3.0,-0.9020203670349873,-1262.7361650038051,-0.0947586733594139,60.43172295492584,36.5223921445815,1399.89762,25.6839216,818.4,20.498631600000003,267.99762000000004,5.185290000000001,0.0,0.0,313.5,0.0,2191.563125532344,0.500356877975421,500.0,465.0,545.82,0.0,0.0,93.0,1.0,93.0,61.89352527351685,Sud_Atlantique_HiFiEMS,1994,25,0.8,10.8384705445815,0.0,979.928334,76.65657765204107,0.13071618931128995,0.1413899612604596,0.13071618931128995,0.14174595747741356,25,-864.4683096814276,-0.6175225225980652
electricity_price_x0.80,electricity_price,0.8,-1.7802,45.8912,100,27.0,342.9078061445605,15.0,31,5.0,465.0,545.82,0.0,3.0,-0.8358398296383102,-1170.090188211876,-0.06790171066692385,60.810497640006375,43.87230906650818,1399.89762,25.6839216,818.4,20.498631600000003,267.99762000000004,5.185290000000001,0.0,0.0,313.5,0.0,2177.9123799386834,0.49724026939239346,500.0,465.0,545.82,0.0,0.0,93.0,1.0,93.0,62.26990422576801,Sud_Atlantique_HiFiEMS,1993,25,0.8,18.18838746650818,0.0,979.928334,76.65657765204107,0.2241412627983238,0.23727106040487167,0.2241412627983238,0.23725207611860735,25,-786.1711382258671,-0.5615918814304914
electricity_price_x0.80,electricity_price,0.8,-1.7802,45.8912,100,27.0,342.9078061445605,15.0,31,5.0,465.0,545.82,0.0,3.0,-0.8557243287895517,-1197.9264512485909,-0.07475637261042523,59.64918803524146,41.66129616675722,1399.89762,25.6839216,818.4,20.498631600000003,267.99762000000004,5.185290000000001,0.0,0.0,313.5,0.0,2220.3141401045536,0.506921036553551,500.0,465.0,545.82,0.0,0.0,93.0,1.0,93.0,61.790173618649945,Sud_Atlantique_HiFiEMS,1995,25,0.8,15.977374566757216,0.0,979.928334,76.65657765204107,0.20097401121514463,0.20842796608115743,0.20097401121514463,0.20862093083371155,25,-809.7246093659024,-0.5784170197859916
electricity_price_x0.80,electricity_price,0.8,-1.7802,45.8912,100,27.0,342.9078061445605,15.0,31,5.0,465.0,545.82,0.0,3.0,-0.6785444640346052,-949.8927802662195,-0.028875673755936804,60.62181351922301,61.31355885196662,1399.89762,25.6839216,818.4,20.498631600000003,267.99762000000004,5.185290000000001,0.0,0.0,313.5,0.0,2184.6910864586002,0.49878791928278543,500.0,465.0,545.82,0.0,0.0,93.0,1.0,93.0,62.46829677286471,Sud_Atlantique_HiFiEMS,1996,25,0.8,35.629637251966614,0.0,979.928334,76.65657765204107,0.4573911087735604,0.4647955641027492,0.4573911087735604,0.4645263414488661,25,-600.3730483485024,-0.42886925427339634
electricity_price_x0.80,electricity_price,0.8,-1.7802,45.8912,100,27.0,342.9078061445605,15.0,31,5.0,465.0,545.82,0.0,3.0,-0.72109541604604,-1009.4597567157612,-0.03770095947448415,59.118822800575906,56.58182256262608,1399.89762,25.6839216,818.4,20.498631600000003,267.99762000000004,5.185290000000001,0.0,0.0,313.5,0.0,2240.232964163688,0.5114687132793808,500.0,465.0,545.82,0.0,0.0,93.0,1.0,93.0,61.05140909221673,Sud_Atlantique_HiFiEMS,1997,25,0.8,30.89790096262608,0.0,979.928334,76.65657765204107,0.391505398996425,0.403069141735985,0.391505398996425,0.40314589413182245,25,-650.7792735432054,-0.4648763339873421
electricity_price_x0.80,electricity_price,0.8,-1.7802,45.8912,100,27.0,342.9078061445605,15.0,31,5.0,465.0,545.82,0.0,3.0,-0.911256765038394,-1275.666176586147,-0.09935060741398749,62.69942386465811,35.50710454554674,1399.89762,25.6839216,818.4,20.498631600000003,267.99762000000004,5.185290000000001,0.0,0.0,313.5,0.0,2112.2990846978846,0.482260064999517,500.0,465.0,545.82,0.0,0.0,93.0,1.0,93.0,64.22187249755821,Sud_Atlantique_HiFiEMS,2000,25,0.8,9.823182945546737,0.0,979.928334,76.65657765204107,0.11655361574864231,0.12814533659637214,0.11655361574864231,0.12835204423448024,25,-875.2839621660398,-0.6252485536521163
electricity_price_x0.80,electricity_price,0.8,-1.7802,45.8912,100,27.0,342.9078061445605,15.0,31,5.0,465.0,545.82,0.0,3.0,-0.8284554753186872,-1159.752848174599,-0.06545134969414801,58.7626669290774,44.68567430640309,1399.89762,25.6839216,818.4,20.498631600000003,267.99762000000004,5.185290000000001,0.0,0.0,313.5,0.0,2253.8108387804805,0.5145686846530777,500.0,465.0,545.82,0.0,0.0,93.0,1.0,93.0,60.19837455481392,Sud_Atlantique_HiFiEMS,2001,25,0.8,19.001752706403085,0.0,979.928334,76.65657765204107,0.24155976479690708,0.24788156852834844,0.24155976479690708,0.24802688908296558,25,-777.5065236022572,-0.5554024183584634
electricity_price_x0.80,electricity_price,0.8,-1.7802,45.8912,100,27.0,342.9078061445605,15.0,31,5.0,465.0,545.82,0.0,3.0,-0.8501843822107731,-1190.1710932180317,-0.07260781347704126,56.344175643283876,42.288230044716194,1399.89762,25.6839216,818.4,20.498631600000003,267.99762000000004,5.185290000000001,0.0,0.0,313.5,0.0,2350.55237082324,0.5366557924253973,500.0,465.0,545.82,0.0,0.0,93.0,1.0,93.0,58.04884006920292,Sud_Atlantique_HiFiEMS,1998,25,0.8,16.604308444716192,0.0,979.928334,76.65657765204107,0.209844205006469,0.21660644074258492,0.209844205006469,0.21652841290644004,25,-803.0460101578742,-0.5736462429001589
electricity_price_x0.80,electricity_price,0.8,-1.7802,45.8912,100,27.0,342.9078061445605,15.0,31,5.0,465.0,545.82,0.0,3.0,-0.9120272826298472,-1276.7448223285903,-0.09961761664180768,58.49293959012622,35.42513478695515,1399.89762,25.6839216,818.4,20.498631600000003,267.99762000000004,5.185290000000001,0.0,0.0,313.5,0.0,2264.2037922600525,0.5169415050822038,500.0,465.0,545.82,0.0,0.0,93.0,1.0,93.0,60.31924624652924,Sud_Atlantique_HiFiEMS,1999,25,0.8,9.741213186955147,0.0,979.928334,76.65657765204107,0.11908951666037423,0.12707602511518826,0.11908951666037423,0.12722596378807516,25,-876.1571693479428,-0.6258723186828069
electricity_price_x0.80,electricity_price,0.8,-1.7802,45.8912,100,27.0,342.9078061445605,15.0,31,5.0,465.0,545.82,0.0,3.0,-0.8147245585261311,-1140.5309704362817,-0.0613164191479878,61.52979855175428,46.20412323898322,1399.89762,25.6839216,818.4,20.498631600000003,267.99762000000004,5.185290000000001,0.0,0.0,313.5,0.0,2152.451962426032,0.49142738868174246,500.0,465.0,545.82,0.0,0.0,93.0,1.0,93.0,63.59134718931217,Sud_Atlantique_HiFiEMS,2003,25,0.8,20.52020163898322,0.0,979.928334,76.65657765204107,0.2621738394377847,0.2676900308819989,0.2621738394377847,0.2678668497411686,25,-761.3307956744952,-0.5438474819855007
electricity_price_x0.80,electricity_price,0.8,-1.7802,45.8912,100,27.0,342.9078061445605,15.0,31,5.0,465.0,545.82,0.0,3.0,-0.8457849880043717,-1184.0123917390486,-0.07111903980933376,61.9464492449982,42.771209035580725,1399.89762,25.6839216,818.4,20.498631600000003,267.99762000000004,5.185290000000001,0.0,0.0,313.5,0.0,2137.9746095954915,0.48812205698527206,500.0,465.0,545.82,0.0,0.0,93.0,1.0,93.0,63.526912578175086,Sud_Atlantique_HiFiEMS,2004,25,0.8,17.087287435580723,0.0,979.928334,76.65657765204107,0.2180696032596656,0.22290699583724183,0.2180696032596656,0.22292674015913108,25,-797.9009331102222,-0.5699709190949422
electricity_price_x0.80,electricity_price,0.8,-1.7802,45.8912,100,27.0,342.9078061445605,15.0,31,5.0,465.0,545.82,0.0,3.0,-0.7549421586496108,-1056.8417311312526,-0.045360645799558896,55.740161091050076,52.836040144972394,1399.89762,25.6839216,818.4,20.498631600000003,267.99762000000004,5.185290000000001,0.0,0.0,313.5,0.0,2376.023553718562,0.5424711309859731,500.0,465.0,545.82,0.0,0.0,93.0,1.0,93.0,57.39546726688902,Sud_Atlantique_HiFiEMS,2002,25,0.8,27.152118544972392,0.0,979.928334,76.65657765204107,0.34843715664894026,0.3542046798413186,0.34843715664894026,0.3542128626085848,25,-690.6823324900777,-0.49338060342589746
electricity_price_x0.80,electricity_price,0.8,-1.7802,45.8912,100,27.0,342.9078061445605,15.0,31,5.0,465.0,545.82,0.0,3.0,-0.8932948136723845,-1250.5212836183146,-0.09003896759490904,60.74278416387461,37.50507921067321,1399.89762,25.6839216,818.4,20.498631600000003,267.99762000000004,5.185290000000001,0.0,0.0,313.5,0.0,2180.340224167196,0.49779457172767033,500.0,465.0,545.82,0.0,0.0,93.0,1.0,93.0,62.33722000919018,Sud_Atlantique_HiFiEMS,2005,25,0.8,11.821157610673207,0.0,979.928334,76.65657765204107,0.14443841893031734,0.154209305616691,0.14443841893031734,0.15427453730866988,25,-853.9999440497826,-0.6100445717235969
electricity_price_x0.80,electricity_price,0.8,-1.7802,45.8912,100,27.0,342.9078061445605,15.0,31,5.0,465.0,545.82,0.0,3.0,-0.8210458551068331,-1149.3801384749206,-0.06311665346833017,62.58496000340173,45.51700117490573,1399.89762,25.6839216,818.4,20.498631600000003,267.99762000000004,5.185290000000001,0.0,0.0,313.5,0.0,2116.1623436877385,0.48314208759994026,500.0,465.0,545.82,0.0,0.0,93.0,1.0,93.0,64.38078498929919,Sud_Atlantique_HiFiEMS,2006,25,0.8,19.833079574905728,0.0,979.928334,76.65657765204107,0.25412800290677606,0.2587263895987099,0.25412800290677606,0.2586163920688821,25,-768.6505673989177,-0.5490762727340859
electricity_price_x0.80,electricity_price,0.8,-1.7802,45.8912,100,27.0,342.9078061445605,15.0,31,5.0,465.0,545.82,0.0,3.0,-0.9097435806288949,-1273.5478733326681,-0.0984260606065318,58.839880317341205,35.685003294486755,1399.89762,25.6839216,818.4,20.498631600000003,267.99762000000004,5.185290000000001,0.0,0.0,313.5,0.0,2250.853246575511,0.5138934352912126,500.0,465.0,545.82,0.0,0.0,93.0,1.0,93.0,60.3862227273418,Sud_Atlantique_HiFiEMS,2007,25,0.8,10.001081694486754,0.0,979.928334,76.65657765204107,0.12400014377057429,0.13046606045841988,0.12400014377057429,0.13043606297630592,25,-873.3888429428644,-0.6238947980659217
electricity_price_x0.80,electricity_price,0.8,-1.7802,45.8912,100,27.0,342.9078061445605,15.0,31,5.0,465.0,545.82,0.0,3.0,-0.6183772729337239,-865.6648726420104,-0.017897584707651237,61.511435831683386,67.97120806723957,1399.89762,25.6839216,818.4,20.498631600000003,267.99762000000004,5.185290000000001,0.0,0.0,313.5,0.0,2153.094523802103,0.49157409219226095,500.0,465.0,545.82,0.0,0.0,93.0,1.0,93.0,63.07934147994634,Sud_Atlantique_HiFiEMS,2010,25,0.8,42.28728646723957,0.0,979.928334,76.65657765204107,0.5439942076215429,0.5516458960532999,0.5439942076215429,0.5515810334702638,25,-529.450464102127,-0.3782065606355749
electricity_price_x0.80,electricity_price,0.8,-1.7802,45.8912,100,27.0,342.9078061445605,15.0,31,5.0,465.0,545.82,0.0,3.0,-0.7796057173931458,-1091.3681883170573,-0.05141436824470513,62.39754592064069,50.1063588036573,1399.89762,25.6839216,818.4,20.498631600000003,267.99762000000004,5.185290000000001,0.0,0.0,313.5,0.0,2122.5183408469875,0.4845932285038784,500.0,465.0,545.82,0.0,0.0,93.0,1.0,93.0,64.39341011473682,Sud_Atlantique_HiFiEMS,2009,25,0.8,24.4224372036573,0.0,979.928334,76.65657765204107,0.30660492670850215,0.3185954545807593,0.30660492670850215,0.318598805998117,25,-719.7610731439198,-0.514152651494557
electricity_price_x0.80,electricity_price,0.8,-1.7802,45.8912,100,27.0,342.9078061445605,15.0,31,5.0,465.0,545.82,0.0,3.0,-0.909404189357915,-1273.0727603001744,-0.0981278115123636,64.61756363770142,35.72037402117148,1399.89762,25.6839216,818.4,20.498631600000003,267.99762000000004,5.185290000000001,0.0,0.0,313.5,0.0,2049.5965521536514,0.4679444182999204,500.0,465.0,545.82,0.0,0.0,93.0,1.0,93.0,66.00915295397837,Sud_Atlantique_HiFiEMS,2008,25,0.8,10.036452421171479,0.0,979.928334,76.65657765204107,0.12713829828826853,0.13092747848369732,0.12713829828826853,0.13097510222831324,25,-873.0120457788746,-0.6236256375511765
electricity_price_x0.80,electricity_price,0.8,-1.7802,45.8912,100,27.0,342.9078061445605,15.0,31,5.0,465.0,545.82,0.0,3.0,-0.8675336553716497,-1214.4582994246725,-0.07941537667999765,60.98099019056271,40.343567127884356,1399.89762,25.6839216,818.4,20.498631600000003,267.99762000000004,5.185290000000001,0.0,0.0,313.5,0.0,2171.823304714034,0.49585006956941413,500.0,465.0,545.82,0.0,0.0,93.0,1.0,93.0,62.868617176382514,Sud_Atlantique_HiFiEMS,2012,25,0.8,14.659645527884354,0.0,979.928334,76.65657765204107,0.18238478826923402,0.19123793387212382,0.18238478826923402,0.19159755319105093,25,-823.7621090525729,-0.5884445385745944
electricity_price_x0.80,electricity_price,0.8,-1.7802,45.8912,100,27.0,342.9078061445605,15.0,31,5.0,465.0,545.82,0.0,3.0,-0.8762572821741229,-1226.670483823223,-0.08303369158031648,63.76098616288004,39.37882046518514,1399.89762,25.6839216,818.4,20.498631600000003,267.99762000000004,5.185290000000001,0.0,0.0,313.5,0.0,2077.131230405985,0.4742308745219144,500.0,465.0,545.82,0.0,0.0,93.0,1.0,93.0,65.12458474914501,Sud_Atlantique_HiFiEMS,2011,25,0.8,13.694898865185142,0.0,979.928334,76.65657765204107,0.16004533148523825,0.17865262557570624,0.16004533148523825,0.17893710620790598,25,-834.0393592123936,-0.5957859684141713
electricity_price_x0.80,electricity_price,0.8,-1.7802,45.8912,100,27.0,342.9078061445605,15.0,31,5.0,465.0,545.82,0.0,3.0,-0.801232188631354,-1121.6430339324236,-0.057183163213538,59.85426306561186,47.721428046729066,1399.89762,25.6839216,818.4,20.498631600000003,267.99762000000004,5.185290000000001,0.0,0.0,313.5,0.0,2212.7068124658417,0.5051842037593246,500.0,465.0,545.82,0.0,0.0,93.0,1.0,93.0,61.73095479604731,Sud_Atlantique_HiFiEMS,2013,25,0.8,22.037506446729065,0.0,979.928334,76.65657765204107,0.2724011633791118,0.2874835679041339,0.2724011633791118,0.2872229612722065,25,-745.1672558761051,-0.5323012520559218
electricity_price_x0.80,electricity_price,0.8,-1.7802,45.8912,100,27.0,342.9078061445605,15.0,31,5.0,465.0,545.82,0.0,3.0,-0.8816402340766201,-1234.2060653801034,-0.08486259402736085,59.72223314616102,38.80013426751504,1399.89762,25.6839216,818.4,20.498631600000003,267.99762000000004,5.185290000000001,0.0,0.0,313.5,0.0,2217.5985167245094,0.5063010312156414,500.0,465.0,545.82,0.0,0.0,93.0,1.0,93.0,61.47023400043519,Sud_Atlantique_HiFiEMS,2014,25,0.8,13.11621266751504,0.0,979.928334,76.65657765204107,0.1648954855849439,0.1711035513097395,0.1648954855849439,0.17106816307598274,25,-840.2039856863028,-0.6001895950693186
electricity_price_x0.80,electricity_price,0.8,-1.7802,45.8912,100,27.0,342.9078061445605,15.0,31,5.0,465.0,545.82,0.0,3.0,-0.9003865801354609,-1260.449030611571,-0.09361298323191392,61.43119634753011,36.71250892775509,1399.89762,25.6839216,818.4,20.498631600000003,267.99762000000004,5.185290000000001,0.0,0.0,313.5,0.0,2155.9068277159936,0.492216170711414,500.0,465.0,545.82,0.0,0.0,93.0,1.0,93.0,62.946341456052714,Sud_Atlantique_HiFiEMS,2015,25,0.8,11.028587327755087,0.0,979.928334,76.65657765204107,0.13435181609231245,0.14387007176104263,0.13435181609231245,0.14406772511305518,25,-862.4430342222842,-0.6160757914727251
electricity_price_x1.20,electricity_price,1.2,-1.7802,45.8912,100,27.0,342.9078061445605,15.0,31,5.0,465.0,545.82,0.0,3.0,-0.5173399990938031,-724.2230334622172,-0.0019264633838977918,59.463614010468866,79.15381242712593,1399.89762,25.6839216,818.4,20.498631600000003,267.99762000000004,5.185290000000001,0.0,0.0,313.5,0.0,2227.243295657833,0.5085030355383181,500.0,465.0,545.82,0.0,0.0,93.0,1.0,93.0,60.898130335659665,Sud_Atlantique_HiFiEMS,1982,25,1.2,53.46989082712592,0.0,979.928334,76.65657765204107,0.6866197793573502,0.6975251500247772,0.6866197793573502,0.6977160630905869,25,-410.32445217760005,-0.29311032915221336
electricity_price_x1.20,electricity_price,1.2,-1.7802,45.8912,100,27.0,342.9078061445605,15.0,31,5.0,465.0,545.82,0.0,3.0,-0.6707214334469709,-938.9413383654029,-0.02737549993357602,59.71269822215714,62.178310213366245,1399.89762,25.6839216,818.4,20.498631600000003,267.99762000000004,5.185290000000001,0.0,0.0,313.5,0.0,2217.952622868723,0.5063818773672885,500.0,465.0,545.82,0.0,0.0,93.0,1.0,93.0,61.680796858151744,Sud_Atlantique_HiFiEMS,1983,25,1.2,36.49438861336624,0.0,979.928334,76.65657765204107,0.46675755488284304,0.47607641419920016,0.46675755488284304,0.4758446707701278,25,-591.1610278142366,-0.4222887583838
electricity_price_x1.20,electricity_price,1.2,-1.7802,45.8912,100,27.0,342.9078061445605,15.0,31,5.0,465.0,545.82,0.0,3.0,-0.6074491617732098,-850.3666358373115,-0.016051603008128024,58.98486040627663,69.17425069281076,1399.89762,25.6839216,818.4,20.498631600000003,267.99762000000004,5.185290000000001,0.0,0.0,313.5,0.0,2245.3208285682226,0.5126303261571284,500.0,465.0,545.82,0.0,0.0,93.0,1.0,93.0,60.50389180667998,Sud_Atlantique_HiFiEMS,1984,25,1.2,43.490329092810754,0.0,979.928334,76.65657765204107,0.5622040446091514,0.5673398216422041,0.5622040446091514,0.5674659323750195,25,-516.6346954719147,-0.3690517707087142
electricity_price_x1.20,electricity_price,1.2,-1.7802,45.8912,100,27.0,342.9078061445605,15.0,31,5.0,465.0,545.82,0.0,3.0,-0.3408104417771803,-477.09972631502325,0.021384267445867078,62.994732170276365,98.7479018943175,1399.89762,25.6839216,818.4,20.498631600000003,267.99762000000004,5.185290000000001,0.0,0.0,313.5,0.0,2102.3969953934156,0.4799993140167615,500.0,465.0,545.82,0.0,0.0,93.0,1.0,93.0,64.93941364627472,Sud_Atlantique_HiFiEMS,1985,25,1.2,73.06398029431749,0.0,979.928334,76.65657765204107,0.9243350984004305,0.9531338670762075,0.9243350984004305,0.952616295275974,25,-201.59259863086208,-0.1440052442055456
electricity_price_x1.20,electricity_price,1.2,-1.7802,45.8912,100,27.0,342.9078061445605,15.0,31,5.0,465.0,545.82,0.0,3.0,-0.6179816676092461,-865.1110656898147,-0.017849596095349085,61.014380686470176,68.00690550707071,1399.89762,25.6839216,818.4,20.498631600000003,267.99762000000004,5.185290000000001,0.0,0.0,313.5,0.0,2170.634761023974,0.49557871256255115,500.0,465.0,545.82,0.0,0.0,93.0,1.0,93.0,62.2535041783825,Sud_Atlantique_HiFiEMS,1986,25,1.2,42.32298390707071,0.0,979.928334,76.65657765204107,0.5449536969024881,0.5521115761152665,0.5449536969024881,0.5522395582898157,25,-529.0701865293772,-0.3779349139327612
electricity_price_x1.20,electricity_price,1.2,-1.7802,45.8912,100,27.0,342.9078061445605,15.0,31,5.0,465.0,545.82,0.0,3.0,-0.7200270697371493,-1007.9641812606093,-0.03742195332275622,59.428995975064225,56.70580970305502,1399.89762,25.6839216,818.4,20.498631600000003,267.99762000000004,5.185290000000001,0.0,0.0,313.5,0.0,2228.540689059804,0.5087992440775808,500.0,465.0,545.82,0.0,0.0,93.0,1.0,93.0,61.0824497832765,Sud_Atlantique_HiFiEMS,1988,25,1.2,31.021888103055016,0.0,979.928334,76.65657765204107,0.40267329241800115,0.40468657815470616,0.40267329241800115,0.40467463070988074,25,-649.4584637305816,-0.46393282940975467
electricity_price_x1.20,electricity_price,1.2,-1.7802,45.8912,100,27.0,342.9078061445605,15.0,31,5.0,465.0,545.82,0.0,3.0,-0.7160947271812584,-1002.4593042755929,-0.036568866740419925,61.245536237767915,57.1442464241237,1399.89762,25.6839216,818.4,20.498631600000003,267.99762000000004,5.185290000000001,0.0,0.0,313.5,0.0,2162.4422574445684,0.4937082779553809,500.0,465.0,545.82,0.0,0.0,93.0,1.0,93.0,63.143257396514755,Sud_Atlantique_HiFiEMS,1990,25,1.2,31.4603248241237,0.0,979.928334,76.65657765204107,0.39514580919067777,0.4104060706561694,0.39514580919067777,0.41032747740367825,25,-644.7878864320113,-0.46059645878390115
electricity_price_x1.20,electricity_price,1.2,-1.7802,45.8912,100,27.0,342.9078061445605,15.0,31,5.0,465.0,545.82,0.0,3.0,-0.3517190164423079,-492.37061402632776,0.020067727119920997,61.18063969920102,97.53555900021229,1399.89762,25.6839216,818.4,20.498631600000003,267.99762000000004,5.185290000000001,0.0,0.0,313.5,0.0,2164.7360389095693,0.49423197235378297,500.0,465.0,545.82,0.0,0.0,93.0,1.0,93.0,62.87855089493198,Sud_Atlantique_HiFiEMS,1987,25,1.2,71.85163740021228,0.0,979.928334,76.65657765204107,0.9187508722677517,0.9373186176711499,0.9187508722677517,0.9368279715158099,25,-214.50744113193934,-0.15323080635849595
electricity_price_x1.20,electricity_price,1.2,-1.7802,45.8912,100,27.0,342.9078061445605,15.0,31,5.0,465.0,545.82,0.0,3.0,-0.4358305472536637,-610.1181458237014,0.00942506947007593,57.18047229750536,88.19953277878278,1399.89762,25.6839216,818.4,20.498631600000003,267.99762000000004,5.185290000000001,0.0,0.0,313.5,0.0,2316.174216808279,0.5288068988146756,500.0,465.0,545.82,0.0,0.0,93.0,1.0,93.0,59.25772703920775,Sud_Atlantique_HiFiEMS,1991,25,1.2,62.51561117878278,0.0,979.928334,76.65657765204107,0.8071328013486536,0.815528335514183,0.8071328013486536,0.8154263559235482,25,-313.96223137482787,-0.2242751376167265
electricity_price_x1.20,electricity_price,1.2,-1.7802,45.8912,100,27.0,342.9078061445605,15.0,31,5.0,465.0,545.82,0.0,3.0,-0.6345291617980786,-888.2758634217251,-0.02073851812144123,61.16643576232368,66.17249395920645,1399.89762,25.6839216,818.4,20.498631600000003,267.99762000000004,5.185290000000001,0.0,0.0,313.5,0.0,2165.2387292113594,0.49434674182907745,500.0,465.0,545.82,0.0,0.0,93.0,1.0,93.0,63.36685654084836,Sud_Atlantique_HiFiEMS,1992,25,1.2,40.488572359206444,0.0,979.928334,76.65657765204107,0.5193696902281753,0.5281813198469654,0.5193696902281753,0.5283547942287659,25,-548.6117999937017,-0.39189423008927016
electricity_price_x1.20,electricity_price,1.2,-1.7802,45.8912,100,27.0,342.9078061445605,15.0,31,5.0,465.0,545.82,0.0,3.0,-0.597128876443103,-835.919292965974,-0.014264347635003616,60.037377249033725,70.33934533280168,1399.89762,25.6839216,818.4,20.498631600000003,267.99762000000004,5.185290000000001,0.0,0.0,313.5,0.0,2205.958049950184,0.5036433903995854,500.0,465.0,545.82,0.0,0.0,93.0,1.0,93.0,61.99774000973336,Sud_Atlantique_HiFiEMS,1989,25,1.2,44.65542373280168,0.0,979.928334,76.65657765204107,0.5670265756101355,0.582538708361091,0.5670265756101355,0.5821993269308581,25,-504.2231790210034,-0.36018575345603016
electricity_price_x1.20,electricity_price,1.2,-1.7802,45.8912,100,27.0,342.9078061445605,15.0,31,5.0,465.0,545.82,0.0,3.0,-0.6376433109667701,-892.6353534313014,-0.02130698388931862,60.810497640006375,65.83241193248442,1399.89762,25.6839216,818.4,20.498631600000003,267.99762000000004,5.185290000000001,0.0,0.0,313.5,0.0,2177.9123799386834,0.49724026939239346,500.0,465.0,545.82,0.0,0.0,93.0,1.0,93.0,62.39934694218365,Sud_Atlantique_HiFiEMS,1993,25,1.2,40.148490332484414,0.0,979.928334,76.65657765204107,0.5040801837805609,0.5237448835079247,0.5040801837805609,0.5237164823526889,25,-552.2346247192129,-0.39448215128704406
electricity_price_x1.20,electricity_price,1.2,-1.7802,45.8912,100,27.0,342.9078061445605,15.0,31,5.0,465.0,545.82,0.0,3.0,-0.7369223488831199,-1031.6158423262893,-0.0413288398659577,60.43172295492584,54.80661813523869,1399.89762,25.6839216,818.4,20.498631600000003,267.99762000000004,5.185290000000001,0.0,0.0,313.5,0.0,2191.563125532344,0.500356877975421,500.0,465.0,545.82,0.0,0.0,93.0,1.0,93.0,62.018704229855565,Sud_Atlantique_HiFiEMS,1994,25,1.2,29.122696535238692,0.0,979.928334,76.65657765204107,0.3639305956600371,0.3799112538969872,0.3639305956600371,0.38044531389018243,25,-669.6901655840618,-0.47838510189342404
electricity_price_x1.20,electricity_price,1.2,-1.7802,45.8912,100,27.0,342.9078061445605,15.0,31,5.0,465.0,545.82,0.0,3.0,-0.6674750602177825,-934.3967482082304,-0.026827665267242562,59.64918803524146,62.515353359067326,1399.89762,25.6839216,818.4,20.498631600000003,267.99762000000004,5.185290000000001,0.0,0.0,313.5,0.0,2220.3141401045536,0.506921036553551,500.0,465.0,545.82,0.0,0.0,93.0,1.0,93.0,61.79747915179287,Sud_Atlantique_HiFiEMS,1995,25,1.2,36.83143175906733,0.0,979.928334,76.65657765204107,0.4693063546324361,0.4804732077428798,0.4693063546324361,0.4807621322528834,25,-587.5705756707365,-0.41972396214998675
electricity_price_x1.20,electricity_price,1.2,-1.7802,45.8912,100,27.0,342.9078061445605,15.0,31,5.0,465.0,545.82,0.0,3.0,-0.4016968821891967,-562.3345093380768,0.013866683299569749,60.62181351922301,91.99462992990675,1399.89762,25.6839216,818.4,20.498631600000003,267.99762000000004,5.185290000000001,0.0,0.0,313.5,0.0,2184.6910864586002,0.49878791928278543,500.0,465.0,545.82,0.0,0.0,93.0,1.0,93.0,62.3106273272915,Sud_Atlantique_HiFiEMS,1996,25,1.2,66.31070832990675,0.0,979.928334,76.65657765204107,0.8539142669757432,0.8650361177210883,0.8539142669757432,0.864632885202146,25,-273.5338325931217,-0.19539559799603182
electricity_price_x1.20,electricity_price,1.2,-1.7802,45.8912,100,27.0,342.9078061445605,15.0,31,5.0,465.0,545.82,0.0,3.0,-0.4655377629793607,-651.7052064149311,0.005407841052359474,59.118822800575906,84.8954706735712,1399.89762,25.6839216,818.4,20.498631600000003,267.99762000000004,5.185290000000001,0.0,0.0,313.5,0.0,2240.232964163688,0.5114687132793808,500.0,465.0,545.82,0.0,0.0,93.0,1.0,93.0,61.132208548604694,Sud_Atlantique_HiFiEMS,1997,25,1.2,59.21154907357119,0.0,979.928334,76.65657765204107,0.7550970422954134,0.7724262012105966,0.7550970422954134,0.7725410397389345,25,-349.15973359145937,-0.24941804929381864
electricity_price_x1.20,electricity_price,1.2,-1.7802,45.8912,100,27.0,342.9078061445605,15.0,31,5.0,465.0,545.82,0.0,3.0,-0.7519272643850843,-1052.6211878257902,-0.04466773989866113,58.49293959012622,53.16132216994266,1399.89762,25.6839216,818.4,20.498631600000003,267.99762000000004,5.185290000000001,0.0,0.0,313.5,0.0,2264.2037922600525,0.5169415050822038,500.0,465.0,545.82,0.0,0.0,93.0,1.0,93.0,60.303268944618765,Sud_Atlantique_HiFiEMS,1999,25,1.2,27.477400569942656,0.0,979.928334,76.65657765204107,0.34649311573487207,0.3584480472721838,0.34649311573487207,0.3586734116004266,25,-687.2171691758463,-0.4909053057578927
electricity_price_x1.20,electricity_price,1.2,-1.7802,45.8912,100,27.0,342.9078061445605,15.0,31,5.0,465.0,545.82,0.0,3.0,-0.6591614503551887,-922.7585455479768,-0.025181722509515225,56.344175643283876,63.45615870705719,1399.89762,25.6839216,818.4,20.498631600000003,267.99762000000004,5.185290000000001,0.0,0.0,313.5,0.0,2350.55237082324,0.5366557924253973,500.0,465.0,545.82,0.0,0.0,93.0,1.0,93.0,58.068047727913246,Sud_Atlantique_HiFiEMS,1998,25,1.2,37.772237107057194,0.0,979.928334,76.65657765204107,0.48261266733279706,0.4927461969214517,0.48261266733279706,0.49262881410875686,25,-577.5483674716047,-0.4125647184624864
electricity_price_x1.20,electricity_price,1.2,-1.7802,45.8912,100,27.0,342.9078061445605,15.0,31,5.0,465.0,545.82,0.0,3.0,-0.626573174189105,-877.1382953031735,-0.01934483823410016,58.7626669290774,67.05172584223942,1399.89762,25.6839216,818.4,20.498631600000003,267.99762000000004,5.185290000000001,0.0,0.0,313.5,0.0,2253.8108387804805,0.5145686846530777,500.0,465.0,545.82,0.0,0.0,93.0,1.0,93.0,60.2874159937504,Sud_Atlantique_HiFiEMS,2001,25,1.2,41.367804242239416,0.0,979.928334,76.65657765204107,0.5301927046319249,0.5396510711711632,0.5301927046319249,0.5398695071326103,25,-539.2455214049387,-0.38520354181682137
electricity_price_x1.20,electricity_price,1.2,-1.7802,45.8912,100,27.0,342.9078061445605,15.0,31,5.0,465.0,545.82,0.0,3.0,-0.7507705965266815,-1051.0019712436817,-0.04444357610447225,62.69942386465811,53.284372823771534,1399.89762,25.6839216,818.4,20.498631600000003,267.99762000000004,5.185290000000001,0.0,0.0,313.5,0.0,2112.2990846978846,0.482260064999517,500.0,465.0,545.82,0.0,0.0,93.0,1.0,93.0,64.26604867111989,Sud_Atlantique_HiFiEMS,2000,25,1.2,27.600451223771532,0.0,979.928334,76.65657765204107,0.34264424163289253,0.3600532670406351,0.34264424163289253,0.3603638268035083,25,-685.9063355646776,-0.48996892755962945
electricity_price_x1.20,electricity_price,1.2,-1.7802,45.8912,100,27.0,342.9078061445605,15.0,31,5.0,465.0,545.82,0.0,3.0,-0.5162979737965605,-722.7643047286274,-0.0017555106558564404,55.740161091050076,79.27785830141573,1399.89762,25.6839216,818.4,20.498631600000003,267.99762000000004,5.185290000000001,0.0,0.0,313.5,0.0,2376.023553718562,0.5424711309859731,500.0,465.0,545.82,0.0,0.0,93.0,1.0,93.0,57.41654187026128,Sud_Atlantique_HiFiEMS,2002,25,1.2,53.59393670141573,0.0,979.928334,76.65657765204107,0.6905492112975176,0.6991433526381635,0.6905492112975176,0.6991559970895189,25,-409.0030166850913,-0.2921663776277378
electricity_price_x1.20,electricity_price,1.2,-1.7802,45.8912,100,27.0,342.9078061445605,15.0,31,5.0,465.0,545.82,0.0,3.0,-0.6059829355809161,-848.3140692803377,-0.015835387441504922,61.52979855175428,69.3287371055203,1399.89762,25.6839216,818.4,20.498631600000003,267.99762000000004,5.185290000000001,0.0,0.0,313.5,0.0,2152.451962426032,0.49142738868174246,500.0,465.0,545.82,0.0,0.0,93.0,1.0,93.0,63.44913699012085,Sud_Atlantique_HiFiEMS,2003,25,1.2,43.6448155055203,0.0,979.928334,76.65657765204107,0.5610760392462375,0.5693551270137902,0.5610760392462375,0.5696204359654921,25,-514.9889831091818,-0.3678761759086224
electricity_price_x1.20,electricity_price,1.2,-1.7802,45.8912,100,27.0,342.9078061445605,15.0,31,5.0,465.0,545.82,0.0,3.0,-0.6525656238980746,-913.5250637887298,-0.023982398168491792,61.9464492449982,64.18021773047933,1399.89762,25.6839216,818.4,20.498631600000003,267.99762000000004,5.185290000000001,0.0,0.0,313.5,0.0,2137.9746095954915,0.48812205698527206,500.0,465.0,545.82,0.0,0.0,93.0,1.0,93.0,63.60362094418404,Sud_Atlantique_HiFiEMS,2004,25,1.2,38.49629613047932,0.0,979.928334,76.65657765204107,0.49497554711633945,0.5021916880404106,0.49497554711633945,0.502222020829571,25,-569.8351138249271,-0.4070548486430937
electricity_price_x1.20,electricity_price,1.2,-1.7802,45.8912,100,27.0,342.9078061445605,15.0,31,5.0,465.0,545.82,0.0,3.0,-0.7238178002844067,-1013.2708159317763,-0.03823635422901894,60.74278416387461,56.282425797944214,1399.89762,25.6839216,818.4,20.498631600000003,267.99762000000004,5.185290000000001,0.0,0.0,313.5,0.0,2180.340224167196,0.49779457172767033,500.0,465.0,545.82,0.0,0.0,93.0,1.0,93.0,62.42127635423157,Sud_Atlantique_HiFiEMS,2005,25,1.2,30.598504197944212,0.0,979.928334,76.65657765204107,0.3845235991149556,0.3991634525720245,0.3845235991149556,0.39926179792822686,25,-653.9686864395065,-0.46715465266631895
electricity_price_x1.20,electricity_price,1.2,-1.7802,45.8912,100,27.0,342.9078061445605,15.0,31,5.0,465.0,545.82,0.0,3.0,-0.6154531285686862,-861.5713699048578,-0.017385606806409992,62.58496000340173,68.29935182512875,1399.89762,25.6839216,818.4,20.498631600000003,267.99762000000004,5.185290000000001,0.0,0.0,313.5,0.0,2116.1623436877385,0.48314208759994026,500.0,465.0,545.82,0.0,0.0,93.0,1.0,93.0,64.61011807361109,Sud_Atlantique_HiFiEMS,2006,25,1.2,42.61543022512875,0.0,979.928334,76.65657765204107,0.5490173617422467,0.5559265953479996,0.5490173617422467,0.5557618050272616,25,-525.9548153286187,-0.3757094860470001
electricity_price_x1.20,electricity_price,1.2,-1.7802,45.8912,100,27.0,342.9078061445605,15.0,31,5.0,465.0,545.82,0.0,3.0,-0.7485027561545013,-1047.8272269041267,-0.04384523872675716,58.839880317341205,53.551049975797675,1399.89762,25.6839216,818.4,20.498631600000003,267.99762000000004,5.185290000000001,0.0,0.0,313.5,0.0,2250.853246575511,0.5138934352912126,500.0,465.0,545.82,0.0,0.0,93.0,1.0,93.0,60.48204123123535,Sud_Atlantique_HiFiEMS,2007,25,1.2,27.867128375797673,0.0,979.928334,76.65657765204107,0.3537789301401598,0.3635321224786726,0.3537789301401598,0.36348654169528627,25,-683.0654780533253,-0.4879395952207743
electricity_price_x1.20,electricity_price,1.2,-1.7802,45.8912,100,27.0,342.9078061445605,15.0,31,5.0,465.0,545.82,0.0,3.0,-0.553292671373325,-774.5530938189598,-0.007286836528948792,62.39754592064069,75.18341008135229,1399.89762,25.6839216,818.4,20.498631600000003,267.99762000000004,5.185290000000001,0.0,0.0,313.5,0.0,2122.5183408469875,0.4845932285038784,500.0,465.0,545.82,0.0,0.0,93.0,1.0,93.0,64.46582812333186,Sud_Atlantique_HiFiEMS,2009,25,1.2,49.49948848135229,0.0,979.928334,76.65657765204107,0.6277562499394498,0.6457304773771662,0.6277562499394498,0.645735878274476,25,-452.6203415756406,-0.32332388819665303
electricity_price_x1.20,electricity_price,1.2,-1.7802,45.8912,100,27.0,342.9078061445605,15.0,31,5.0,465.0,545.82,0.0,3.0,-0.7479909189876645,-1047.1107072724442,-0.04370696115552963,64.61756363770142,53.60441222972867,1399.89762,25.6839216,818.4,20.498631600000003,267.99762000000004,5.185290000000001,0.0,0.0,313.5,0.0,2049.5965521536514,0.4679444182999204,500.0,465.0,545.82,0.0,0.0,93.0,1.0,93.0,66.1237202602817,Sud_Atlantique_HiFiEMS,2008,25,1.2,27.920490629728672,0.0,979.928334,76.65657765204107,0.35858019547981373,0.36422824348440314,0.35858019547981373,0.3642990908862963,25,-682.4970208054854,-0.48753352463409816
electricity_price_x1.20,electricity_price,1.2,-1.7802,45.8912,100,27.0,342.9078061445605,15.0,31,5.0,465.0,545.82,0.0,3.0,-0.3114450508634553,-435.9911854645301,0.024834685192896222,61.511435831683386,101.98123810952595,1399.89762,25.6839216,818.4,20.498631600000003,267.99762000000004,5.185290000000001,0.0,0.0,313.5,0.0,2153.094523802103,0.49157409219226095,500.0,465.0,545.82,0.0,0.0,93.0,1.0,93.0,63.124206964354386,Sud_Atlantique_HiFiEMS,2010,25,1.2,76.29731650952594,0.0,979.928334,76.65657765204107,0.9838457405365262,0.995313368356387,0.9838457405365262,0.995216261999194,25,-167.14852494883098,-0.11940053512544081
electricity_price_x1.20,electricity_price,1.2,-1.7802,45.8912,100,27.0,342.9078061445605,15.0,31,5.0,465.0,545.82,0.0,3.0,-0.698263030836754,-977.4967550023586,-0.0330023075719843,63.76098616288004,59.09284592331269,1399.89762,25.6839216,818.4,20.498631600000003,267.99762000000004,5.185290000000001,0.0,0.0,313.5,0.0,2077.131230405985,0.4742308745219144,500.0,465.0,545.82,0.0,0.0,93.0,1.0,93.0,65.14143899153454,Sud_Atlantique_HiFiEMS,2011,25,1.2,33.40892432331269,0.0,979.928334,76.65657765204107,0.40792393130241617,0.4358259310109331,0.40792393130241617,0.4362536909562358,25,-624.0298519253811,-0.44576820691028896
electricity_price_x1.20,electricity_price,1.2,-1.7802,45.8912,100,27.0,342.9078061445605,15.0,31,5.0,465.0,545.82,0.0,3.0,-0.7063598267053143,-988.8314402683819,-0.034507861905449855,59.72223314616102,58.22235884689842,1399.89762,25.6839216,818.4,20.498631600000003,267.99762000000004,5.185290000000001,0.0,0.0,313.5,0.0,2217.5985167245094,0.5063010312156414,500.0,465.0,545.82,0.0,0.0,93.0,1.0,93.0,61.475418868642855,Sud_Atlantique_HiFiEMS,2014,25,1.2,32.538437246898425,0.0,979.928334,76.65657765204107,0.415191417159399,0.42447025739391386,0.415191417159399,0.42441761835006586,25,-633.3029738661921,-0.4523923498535501
electricity_price_x1.20,electricity_price,1.2,-1.7802,45.8912,100,27.0,342.9078061445605,15.0,31,5.0,465.0,545.82,0.0,3.0,-0.6851796853713091,-959.1814108236446,-0.030345697461237164,60.98099019056271,60.53975175653771,1399.89762,25.6839216,818.4,20.498631600000003,267.99762000000004,5.185290000000001,0.0,0.0,313.5,0.0,2171.823304714034,0.49585006956941413,500.0,465.0,545.82,0.0,0.0,93.0,1.0,93.0,63.05361370986703,Sud_Atlantique_HiFiEMS,2012,25,1.2,34.855830156537706,0.0,979.928334,76.65657765204107,0.44137932816678316,0.4547010996858618,0.44137932816678316,0.455241167804084,25,-608.6162580973881,-0.4347576918499141
electricity_price_x1.20,electricity_price,1.2,-1.7802,45.8912,100,27.0,342.9078061445605,15.0,31,5.0,465.0,545.82,0.0,3.0,-0.5857257444034516,-819.9560755631203,-0.012377763110031026,59.85426306561186,71.60671571581798,1399.89762,25.6839216,818.4,20.498631600000003,267.99762000000004,5.185290000000001,0.0,0.0,313.5,0.0,2212.7068124658417,0.5051842037593246,500.0,465.0,545.82,0.0,0.0,93.0,1.0,93.0,61.75821167308404,Sud_Atlantique_HiFiEMS,2013,25,1.2,45.92279411581798,0.0,979.928334,76.65657765204107,0.5764798251925776,0.5990718020868393,0.5764798251925776,0.5986819146119798,25,-490.7221398622214,-0.350541448782677
electricity_price_x1.20,electricity_price,1.2,-1.7802,45.8912,100,27.0,342.9078061445605,15.0,31,5.0,465.0,545.82,0.0,3.0,-0.7344721582368274,-1028.1858262719982,-0.040662232826825684,61.43119634753011,55.09174995830617,1399.89762,25.6839216,818.4,20.498631600000003,267.99762000000004,5.185290000000001,0.0,0.0,313.5,0.0,2155.9068277159936,0.492216170711414,500.0,465.0,545.82,0.0,0.0,93.0,1.0,93.0,63.01620964817739,Sud_Atlantique_HiFiEMS,2015,25,1.2,29.407828358306165,0.0,979.928334,76.65657765204107,0.3693611244936612,0.3836308541165762,0.3693611244936612,0.38392716370242,25,-666.652714212122,-0.47621533509866387
