SM_revenue,reg_revenue,im_revenue,im_special_revenue_DK1,Deg_cost,Deg_cost_by_cycle
133309.997168365,0.0,-0.9851201849999646,321.47732072714655,0.00047482221979233685,4.1103759024734425e-05
41460.518960730005,0.0,-26.051969189999955,141.7482118923981,0.00044920294323201767,4.1103759024734425e-05
179346.37022224,0.0,6.352740605518175,359.7613752586475,0.0005508004363099294,6.165561017501332e-05
100670.623383805,0.0,3.0089712983632095,550.6000817048412,0.00038835865711086214,8.220822429906777e-05
17098.11577362,0.0,0.29744906913806457,224.2217935315366,0.00033351426047969926,5.137967112789145e-05
2751.50179233,0.0,-0.007982536751903812,14.439536064644752,0.00048588043947902723,4.110373424953084e-05
26651.427575759997,0.0,-2.1441347311879433,79.80763232525535,0.0004302578940131651,7.193155149183862e-05
237372.09460944,0.0,-5.964461279999915,495.1949943096849,0.0003759926286228188,6.165560792044336e-05
123923.93567590001,0.0,7.749072911763755,461.3295878953037,0.0004735227566369038,5.137967098418023e-05
86734.872572925,0.0,22.22971495146279,267.05027450472375,0.00041932891969283627,7.193154209786418e-05
191529.353779035,0.0,-111.00952976999997,335.5174685134368,0.0003664530759678653,6.165559685868825e-05
250065.99897119,0.0,42.347218720068525,404.9415159004811,0.0004615234791863709,5.137967364748145e-05
141689.98780482,0.0,-22.59267785999993,279.9754751091319,0.00040871697878013365,7.193154239903423e-05
235894.80370363998,0.0,41.93147522199867,177.40589931709394,0.000357190120147699,6.165560894450702e-05
246748.27290517505,0.0,11.348943149999998,121.99682790552731,0.00044987216167351906,5.1379669667540513e-05
200596.453901625,0.0,1.3117556966626636,292.34037831342874,0.00039841270719099707,7.19315445196522e-05
154446.77927385,0.0,-0.39831178083188135,293.67074111483686,0.0003950460467891115,6.165561070701738e-05
107788.64061527501,0.0,8.410092017567225,587.919087716233,0.00039171031526960104,6.165588922056156e-05
291545.3546212,0.0,32.23408390219585,648.860273572539,0.00020388124693923148,6.165574481499793e-05
133088.92298412,0.0,-31.358951849999993,484.54258195080865,0.00024897597636124643,2.0552246824780706e-05
339219.7085635001,0.0,-143.72876142662565,509.2178989192179,0.000384594671186812,3.082796264117111e-05
163054.3562347,0.0,-13.650647157185846,477.3179147470513,0.00029086184101341115,6.165560413641607e-05
215036.27285265,0.0,-6.89196845350217,438.78805549547343,0.0004686599317674067,4.11037514960501e-05
264553.135419395,0.0,-45.701792057464054,606.8955149188153,0.00041941736709528825,8.220747267239578e-05
32253.891893820008,0.0,-7.207011688471319,146.90491703877686,0.0005033827143128333,7.193153971709574e-05
87254.09946096,0.0,17.386064595,307.92375954710155,0.0003237150334018257,9.248340120021253e-05
181809.35811072,0.0,-0.21857690654283618,375.7374700831714,0.0004940250029519711,5.137967698091778e-05
127524.910331975,0.0,1.1630936778197989,281.2144519024421,0.000488450002029781,9.248340071360356e-05
57817.119245609996,0.0,-15.405610667442115,262.00624853113897,0.0003563954530545876,9.248341052130337e-05
113402.98956280001,0.0,19.527610158998744,561.0445071128188,0.0003953136259713419,6.165560900016618e-05
87379.328821215,0.0,7.8308767474698175,332.1186163558638,0.00026706204692003577,7.19315301617043e-05
76022.04287667,0.0,-10.716311515823577,560.7500085539216,0.00030668450191859153,4.110373563750955e-05
284097.996178205,0.0,3.4326305730565094,85.05637975482088,0.00034541728733492705,5.137966933416535e-05
301666.342903135,0.0,4.171587114724728,192.3941619138635,0.0005046851329016843,6.165561014932842e-05
192095.059134565,0.0,4.673878937463964,232.51226535921853,0.0002580978810318657,0.00010275974960308765
250165.06704022503,0.0,-7.628316644999947,148.02397575982667,0.00025647699333324335,4.110397820910592e-05
187915.65600974002,0.0,-34.627810267955105,586.5073289224691,0.0003737764658915099,4.110350084037852e-05
316647.305111475,0.0,-90.43540066257808,290.640482340576,0.0003703479626030137,7.193154167392173e-05
211888.17686853002,0.0,-57.254967149999985,525.8334155621843,0.00025021955415375883,7.193154105877939e-05
270100.39848700503,0.0,13.12501461367375,105.95700058035368,0.00024865915704498144,4.110374945602092e-05
230037.10823118,0.0,9.608389806515532,66.1612763267193,0.0004390701743231262,4.110374702658152e-05
268521.872357835,0.0,9.481263788925764,106.0662989643941,0.00024438026065255357,9.248340837438788e-05
242746.96790242998,0.0,-7.1102403480837,125.08981216447467,0.0003184389589218972,4.110374111732965e-05
82967.45656103999,0.0,-10.936600637230656,199.3483353828601,0.000165782056770869,6.165560136875815e-05
559771.1283307851,0.0,1.3426290722645273,269.4420357658949,0.0003145089099206377,2.0551877174519046e-05
331205.493650725,0.0,127.956796545,253.69985078342597,0.00016373708029170043,6.1656382268118e-05
114833.17091963999,0.0,3.2418107130271006,505.9479483344754,0.00038421301647431405,2.055186715627903e-05
129943.964569665,0.0,-4.957909052233333,503.2340799684248,0.00027104988994278823,8.220747059643844e-05
218880.417864225,0.0,-6.33249777,602.3301843683431,0.00019658378498521145,5.137967019607308e-05
363219.950690525,0.0,2.3151012425640087,231.45515176979643,0.00030375490432739237,3.0827812742052696e-05
200214.751779985,0.0,-60.051256591965625,289.87350875494053,0.00030131064822596975,6.165561392843389e-05
123329.19136503001,0.0,-65.73021384510858,312.1036837706704,0.00022795122979880179,6.165560865072446e-05
94740.93069375001,0.0,-59.3182121913928,226.6385361424149,0.00036743247640983465,4.110374010062911e-05
425258.57763201,0.0,-87.32550135483835,238.45331493018296,0.00043333598276248497,8.220747014017383e-05
278025.805889805,0.0,-66.90323799974598,474.7363969611359,0.0003251029235766112,0.00010275933955866834
203027.26729033503,0.0,-39.14031868733079,333.7086143607902,0.00028806814385161307,7.193154194180691e-05
27918.774701370003,0.0,14.684768571872675,78.58210334722922,0.0003196430303717101,6.165561411375356e-05
57085.67525568,0.0,-11.807464282582682,172.77993517732503,0.00024964254293274315,7.193153642587083e-05
104277.340896155,0.0,-15.737724721515358,436.12065396382025,0.00028126069963258724,5.137986729548904e-05
112001.47763494501,0.0,0.8391994836117573,314.2153687507463,0.0003121046615968548,6.165541951725024e-05
152832.270214175,0.0,0.0,304.1087253772779,0.0002109294094503189,7.193153704226026e-05
181803.22022179002,0.0,-0.3896771643467,392.10936799417004,0.00024230117730869138,4.110451655611996e-05
198690.34796405002,0.0,4.88202415241716,174.8656461566921,0.00036997598569012634,5.138005824893304e-05
202343.058060175,0.0,15.760961778578498,185.14448796442508,0.0004298501912597474,9.248379957291027e-05
204234.080160747,0.0,-15.309177411987028,102.67172712710317,0.00023509212165993444,0.0001130352742025712
329924.210790835,0.0,1.2085294623139693,368.20868078078433,0.00020202302246524084,5.137966971926813e-05
202075.857872175,0.0,1.3827777359691091,248.2327645847555,0.00023208485678969935,4.1104502037014504e-05
154154.68783051,0.0,-24.5430517804405,425.0749877599857,0.0002925086895165596,5.137967058851194e-05
26521.582204185,0.0,7.632400330587516,157.63009739504605,0.0001668969525521757,7.193154058609912e-05
169824.23124436502,0.0,4.415946100481443,527.8889391828895,0.00019672132701496146,3.082795103422114e-05
69619.20023067,0.0,6.44772888023361,226.54562337502978,0.00025642379159350194,4.110438609815226e-05
167541.521885625,0.0,1.4175185779576251,307.9928043637592,0.00028459765743047425,6.16556111271496e-05
199277.38270104,0.0,-0.9986042571295297,330.7330833932676,0.00028214208502284845,7.193153423468631e-05
211003.25722058502,0.0,1.05740433229046,118.44242557793902,0.00022040714736098254,7.19315433746727e-05
128982.31270720501,0.0,-13.104690048541382,432.381612178718,0.0002778201736681529,5.1379673196892e-05
231713.95392986503,0.0,18.684856469790653,167.86440117492975,0.00021703946086436664,7.19316672806523e-05
152011.226989665,0.0,5.6646454779090885,662.534762186978,0.00018653087322674898,5.1380322336558e-05
67992.617582535,0.0,14.432581079999997,239.40671619242056,0.0002143186807409203,4.11037342469963e-05
137001.773716785,0.0,23.16283778629856,609.338836370718,0.00027016142036101254,5.137966997327621e-05
46475.216341305,0.0,-21.460858275291045,119.93508217711798,0.0002962225856330491,7.193154648793014e-05
167098.39977457,0.0,-34.06930272105925,626.9596815838852,0.00023723075164607254,8.220747041962987e-05
198725.117884695,0.0,-7.253656606910191,481.7617711903143,0.0002633459707512509,6.1655605630275e-05
204801.30947414,0.0,-18.774091025206694,118.20315879043628,0.000205750884334438,7.193307988123997e-05
248440.081419205,0.0,1.428021564917218,90.63263659092117,0.000176847466631197,5.137967580111049e-05
243965.566728435,0.0,-3.0428484335669674,29.07029299297008,0.0002578969506708506,4.1103734246886764e-05
128915.83526055001,0.0,-48.44337191999999,336.4702909919455,0.00017435668971614414,7.193154148972173e-05
128279.082884325,0.0,12.936345296213876,255.88563378089057,0.00033496745459313465,4.110373912778188e-05
251691.984586,0.0,-3.5986336530528638,251.02696297988462,0.00025147696310709786,0.00010275933952592061
146509.120551,0.0,-23.25828510640444,856.7839502034203,0.0001435246069223084,7.19326295125753e-05
149369.78082367498,0.0,30.710971093858,459.88114139111417,0.0002218844944420828,3.082780642116154e-05
122520.56841847999,0.0,-0.6230262437906968,611.5700943918985,0.00019410814033557375,6.165560219933706e-05
203225.46152549,0.0,-0.19346659950977296,257.4722729782945,0.0003740836789736668,5.137966965231571e-05
244243.91287628002,0.0,-36.52211170743142,128.66398160808677,0.0002928062123125419,0.00012331121724733001
213256.49765806002,0.0,65.06217501962965,192.9853226383138,0.0001376886502086283,9.248341024365684e-05
204454.25517467002,0.0,-16.424086571529518,345.08360841010506,0.0002885221240886693,3.082780540923428e-05
193866.35746188002,0.0,2.555201605500308,232.2871817952635,0.0002607197266165584,9.248341144953939e-05
219017.45170227002,0.0,27.614853097119912,147.31172059736906,0.00020886747267298555,8.220748089720351e-05
105746.43659802,0.0,-10.3551180337296,200.35659258970017,0.0002319299280367992,6.165560573267515e-05
147128.57228556502,0.0,0.636402147587334,395.50356360719456,0.00018126292052390134,7.193153928335135e-05
191637.846556485,0.0,-25.239856365189194,298.99698719155305,0.00018010688746531223,5.137967743495978e-05
208035.8022153,0.0,-17.27216667363289,312.9940010163729,0.00022712776634323804,5.1379665121946245e-05
237803.65987794998,0.0,39.46790621912973,158.96766620100655,0.0002252987105414883,7.193154749663332e-05
296287.890985265,0.0,17.055467732357712,104.32813920120206,0.00015236479001252577,7.193154778218933e-05
238306.71506994002,0.0,2.3995558610730496,157.18137780234156,0.00019871026643254573,4.1103744434947486e-05
286058.118487195,0.0,-8.18694315686723,65.13512820202921,0.00015044911060229315,6.165560174161837e-05
248180.944150205,0.0,30.528489945,99.97500780357551,0.0001962176294036533,4.110373658680566e-05
204782.378111155,0.0,-16.374515538748806,407.93592461020535,0.00010223200374575359,6.165560222310842e-05
293091.66212389,0.0,7.172540175907094,120.3055565973325,0.0002401018477431127,2.0551877379952396e-05
276655.52859275497,0.0,-6.998868671072668,133.7863304144588,0.00021520703287306929,8.220746904700194e-05
300384.446586945,0.0,-25.419637718749392,154.9072517971354,0.0001682260572662009,7.193153754661529e-05
248341.61445784,0.0,-39.99293277846848,318.22785480911205,0.00021218347943328776,5.1379670119299634e-05
280139.76575496,0.0,50.91994688999999,53.35656140505593,0.00016586850902909232,7.19316503346512e-05
247241.191152595,0.0,-13.497383680540983,39.42741381758941,0.00020921825379880077,5.1379557192180284e-05
213590.519162315,0.0,-2.5856477043910067,148.84334640233928,0.0002075839599248985,7.193162836437912e-05
238734.44281341502,0.0,6.912642518886262,234.9683576160886,0.0001622834125850825,7.193145330724001e-05
210263.736001785,0.0,7.805913619850951,306.7804296038688,0.00020470812325855235,5.137968394019392e-05
233226.955064675,0.0,25.8034491,59.08595260729356,0.00013847360801625295,7.193153599456586e-05
238477.831182055,0.0,-19.654786024206402,49.282233617571414,0.00015919888858991426,4.110373670795018e-05
195376.373586635,0.0,-16.014647429999968,231.80970860194867,0.00015823236420356323,5.13798035268392e-05
128237.983274595,0.0,-28.54118220758723,460.0849878143188,0.00011486621031004728,5.1379807541862194e-05
107874.30486927001,0.0,-19.51016765927056,190.56855862159574,0.0002618301424817104,3.082780506653018e-05
179719.09089455503,0.0,-20.022429270000003,324.12740261278566,0.00023839188851988878,0.0001027593406473627
184980.68129887502,0.0,-31.87348091525955,197.76470503079622,0.00019491659025634765,9.248417520625955e-05
110693.446577145,0.0,-7.316397271155931,454.6539788099498,0.00019343771552654987,7.193190877416783e-05
230380.67226527003,0.0,-16.27769977255929,265.6663848214637,0.00021231143751070713,7.193154449606981e-05
265648.2555588,0.0,-8.864703336738168,258.80868603891656,0.00025082983634201804,8.220748012821333e-05
204831.38128483,0.0,3.792429558379309,434.61460700675354,0.0001685115676158677,0.00010276012364013663
199682.32482345,0.0,6.694568577903085,502.4418414183301,0.00016738571981430694,6.165560435006475e-05
257696.26872799,0.0,10.430727885,452.4323966237896,0.00014653671472168893,6.16556158975947e-05
641135.8073984401,0.0,-27.424282893794363,187.6410494129598,0.00012604480518626948,5.13796725986704e-05
236767.026283325,0.0,-10.779455819999955,99.15632020855281,0.0001449426757904526,4.110384370675792e-05
211158.50225079502,0.0,6.040602897445063,137.85354202039744,0.00016350494136273985,5.1379575232238264e-05
220941.283993205,0.0,-20.621733773973645,39.168204620975324,0.00016242780525856258,6.165560415886537e-05
164778.95166370002,0.0,622.9540747949999,611.2901212215495,0.00014220899366941151,6.165560193045618e-05
232413.18112660502,0.0,1214.9530806580078,220.93715121470098,0.0001413882748343498,5.1379671751025475e-05
211882.11505059,0.0,1491.1729042350003,381.2785146192851,0.00010266557539616361,5.137967180474884e-05
541703.18864881,0.0,7489.176212389674,416.80304441108717,0.00013998623314707693,3.082780338244972e-05
586809.29238719,0.0,762.4934124840894,256.47203162340895,0.00015792895822776764,5.138022547941968e-05
555128.771397345,0.0,9014.776713841762,428.78635523596614,0.000175515874731047,6.165561467144972e-05
413817.63742722,0.0,486.0445102808709,352.2837524206832,0.000174248939555921,7.193154424636282e-05
458693.79156482,0.0,7948.295344286096,347.4817790252035,0.00015465276592789844,7.193154205547928e-05
80631.62732862,0.0,1187.7877615677025,344.3188912343334,0.00019009931298306635,6.16556052790892e-05
178030.720100865,0.0,2147.55223401,221.19904842642177,0.00015245061168093986,8.220747376900434e-05
171427.47790269,0.0,2236.805387445502,342.85503482696043,0.00015147868863952472,6.165695838093331e-05
215236.888180445,0.0,1333.814712056781,93.27337341833078,9.687689853735026e-05,6.165560759436789e-05
228292.90545058,0.0,1351.8424485000003,592.8588338185587,0.00013211248080347905,3.0827800631170006e-05
171887.72988537,0.0,-268.21695655265285,232.0669072377404,0.00018442524610408516,5.13800698814587e-05
217485.50553219498,0.0,2525.10717482425,351.31178885458485,0.00020051199910667283,8.220747844960782e-05
188977.32648865,0.0,2000.9418471513375,632.1613456296657,0.00014666138517943405,9.248341788378582e-05
185144.468822985,0.0,-785.1683598428287,423.76704783018397,0.0001457481615204159,6.165560190301679e-05
237042.58632716,0.0,1975.8503203899556,191.55502779069906,0.00016202559330611208,6.165560801848267e-05
431628.84889386,0.0,6563.505732381526,334.80983364446365,0.00016090544155270003,7.193154261396126e-05
386072.04974394,0.0,3473.026068496273,296.0079146291695,0.00015979747276913757,7.1931541297725e-05
275333.76491352,0.0,3065.6029678473615,464.9602440324053,0.00014187164520183427,7.193153932593798e-05
164411.56802025,0.0,2115.425465954944,443.5258128329067,0.00012426640185798308,6.165560879706557e-05
259390.66911970498,0.0,1908.9824270582033,354.71393423576103,0.00014024848526087097,5.1380218804033885e-05
235973.56343477502,0.0,1692.6659799407448,376.8738824202299,0.00012284864987844424,6.165560776199193e-05
199824.06274071,0.0,-1116.5321085209132,378.56494803427563,0.00012219396003527614,5.137967261939638e-05
184059.744834105,0.0,2598.010594364998,544.8943570115694,8.876228229523942e-05,5.137967564641453e-05
211582.296852595,0.0,1366.8460390268542,547.4450438350214,0.0001373851528468106,3.0827798653193094e-05
202557.56493235502,0.0,1402.1915205150005,293.4429612236711,0.00010412600057547848,6.165560768760601e-05
86247.194154705,0.0,541.9164245700006,323.8570892498183,0.0001520681491228204,4.110451322207954e-05
205797.80036479002,0.0,559.6005312358556,300.65363923641206,0.00015105749222171783,7.193154324557575e-05
170086.15831110498,0.0,1472.51049858,543.6696176528675,0.00015005579718237462,7.193231852219739e-05
117448.48358920502,0.0,1377.1477561657462,308.6719478357635,0.00014906541802964468,7.193179247693763e-05
166702.486362495,0.0,106.63819388158521,485.76846745229415,0.00014808619730521832,7.193153902765855e-05
158045.301325935,0.0,-1210.6793743001822,668.313382211308,8.46376318974673e-05,7.193154037426545e-05
217098.64001431502,0.0,2041.9948718469077,273.8625094258838,9.989764799186894e-05,3.0827803645126874e-05
182912.19729044999,0.0,1013.4824629477398,326.84938064060213,0.00011495273051700727,4.11037380415961e-05
156926.279458795,0.0,646.729194205992,611.6833790395849,0.00012977531248792307,5.137967333373495e-05
205153.78923662502,0.0,1456.503012851418,279.09156404132,0.00012902613346656543,6.16564638409746e-05
133512.263867445,0.0,846.087270292617,442.9404454539997,0.00015871524756241762,6.165638751578086e-05
193237.94709159998,0.0,916.7817415762498,302.87350104106054,0.00012737480742725071,8.220747119598728e-05
211849.914569165,0.0,213.04818347730412,240.0320570563744,0.00015669605365491667,6.16556107300735e-05
260723.51784380502,0.0,835.076635982095,89.85884321308868,8.093335515149013e-05,8.22085863575318e-05
153848.96810152498,0.0,1633.9769592593823,652.6995208432347,0.00011042459003708927,3.082857837887614e-05
205516.902186065,0.0,1043.5762100977317,366.3432120284939,9.506284692196164e-05,5.13796706670139e-05
192460.660368085,0.0,1314.5000072489997,181.34404727179472,0.0001977072302268812,4.110452271756376e-05
122692.227908385,0.0,-20.198175779879975,471.1432276145917,6.454331434879834e-05,0.0001130352800381042
205914.13626105,0.0,1513.299555345,245.93235627454536,0.00016633122292995407,2.0552418821587057e-05
187799.942390965,0.0,1029.8960762074491,350.67967541895246,0.0001650817404846827,9.248419565552275e-05
249683.432956875,0.0,2164.267772438287,32.96910044557892,0.00010650211592265867,9.248340615655875e-05
190351.510291315,0.0,1410.5039413089255,328.8623058300278,9.169635367735296e-05,5.137966837128156e-05
192086.555350245,0.0,264.40563676892344,360.811586061452,0.00014818646571456817,4.1103748984067674e-05
217739.134046275,0.0,856.399757158756,68.93594681546641,6.239995845440772e-05,8.220825903178014e-05
226154.179557945,0.0,1197.9689387508604,24.946387046778007,0.00011862382377050395,2.0551964483632866e-05
292354.05450512504,0.0,3142.03667506513,161.8142420469521,0.0001319850554290802,6.165549969363607e-05
276484.05099480005,0.0,1685.0035271037864,19.602247847505453,0.00011727355477869405,7.193153715623819e-05
219207.170273275,0.0,1383.8157792166041,99.77258706383019,0.0001443241764861325,6.16556034669375e-05
183981.63521149,0.0,2017.5505519872354,551.0385588482802,0.00010211679228113279,8.220748382718174e-05
228161.039559699,0.0,2229.469301763681,155.55172035231618,8.79333380249958e-05,5.138023088577058e-05
222273.983260195,0.0,1652.500879138611,201.51369926520476,0.0001421298650806335,4.110385434710101e-05
208432.06566072,0.0,497.1435833363264,272.9214274661385,0.00014120678732108873,8.220745460715317e-05
161738.068962675,0.0,1987.4356435072382,334.04275865010317,0.00011338579776774882,8.22083022977738e-05
258787.486071045,0.0,1687.892113390193,150.1252876500012,0.00011279589724332961,6.165560522345975e-05
158937.83671989,0.0,3.7922416777302708,553.9340870514725,0.00012553024445921323,6.165561999774945e-05
230206.496037415,0.0,1843.736366261147,355.8792314855767,0.00016448398111668647,7.193153669198023e-05
247688.52685889503,0.0,1157.5929518483854,106.29464586774785,0.00012386408798696014,0.00010275934791805387
222225.60963934002,0.0,868.9773063345793,219.65870783491,9.701562233843996e-05,7.193154518368506e-05
247906.787325365,0.0,594.3781147269872,38.12153825270794,0.00010959920545507094,5.137967631584294e-05
176449.721546945,0.0,526.7704432292193,392.05268127079364,0.00013492682132237532,6.165560909634356e-05
149671.63198795,0.0,374.75109876980116,562.2985760535721,0.0001083685424453884,8.220825769538867e-05
203898.3617366,0.0,101.59348921032404,264.1819464708509,0.00010782728779523354,6.165560650995156e-05
232076.80807105498,0.0,-13.696937264999995,489.47496623622396,9.454867514419708e-05,6.165560906884651e-05
230638.97606645,0.0,1.0548460505636466,344.0800876376575,9.413621496180969e-05,5.138045511997366e-05
178449.91662155997,0.0,2.5771585680774884,592.7440092550028,0.0001063594646102428,5.138044622201917e-05
163880.712795085,0.0,-25.508822762028473,489.42772723558807,6.810185197056895e-05,6.165560571043398e-05
246970.64065258,0.0,21.422627658244952,161.7801546370796,9.297402281320033e-05,3.0827815612990565e-05
187834.94957418,0.0,0.02438973939830802,583.1346084186495,5.5096136918196814e-05,5.138045446163124e-05
231736.37239035,0.0,17.74411283214154,292.5186630561428,0.00010478700809126938,2.0551867488891698e-05
167083.205971575,0.0,-26.570789658336246,328.8964676376756,7.949836627054284e-05,6.165730781895211e-05
148369.94699585502,0.0,-31.829511907575736,491.8738134741539,0.00012855685628218483,4.1103741226805855e-05
244975.29138692,0.0,-3.967752098012523,67.7815170555995,0.00010328005410262574,8.220747449928121e-05
71539.590091245,0.0,-8.507123988795314,472.28963925590256,9.057828987479088e-05,6.165561015833651e-05
197562.12744485,0.0,25.273880810066075,403.15153267724514,0.00012665601094467347,5.137968033513243e-05
159146.7505395,0.0,0.16151624003748322,517.2337788778418,0.00012591754608685002,8.220747283277527e-05
170908.895642235,0.0,75.77503193151364,283.52576888035264,0.00013718569308941885,8.220764320439175e-05
233341.47528510002,0.0,29.010876211183557,502.4558346593112,0.00010053331826388567,9.248340946329585e-05
171270.31523826002,0.0,2.0791255452303945,306.06140447955534,0.00012382215524444184,6.165638534666916e-05
168321.50192756,0.0,18.580170345,531.9484034801387,0.00012311741275489174,8.220749493014883e-05
172888.63815289497,0.0,9.506957504736544,552.9268530583305,8.718113746443157e-05,8.220748153163158e-05
153657.87641574,0.0,4.319996178794352,671.8154046428259,8.683158542863167e-05,5.1379682661159254e-05
206279.44179688502,0.0,-21.54286795175532,86.1758342996107,0.00014471963003479527,5.137966755526066e-05
173721.73752186,0.0,-29.859502816184904,323.44760123871026,6.27279210960252e-05,0.0001027593393336206
208407.471500815,0.0,4.392110134551667,194.71290826188743,0.00010875532500663753,3.082780270418964e-05
178058.9830596,0.0,14.464217024088079,437.300216083029,0.00011969343515419006,7.193154479024185e-05
184245.79680668504,0.0,-2.4508625291658976,227.25407810191615,0.00013044922411494463,8.220795535853375e-05
90275.378793285,0.0,-4.683500069999999,271.450707842104,7.289725539907587e-05,9.248419129050109e-05
150568.34209942003,0.0,12.717061476418444,195.95858944497303,8.398267621992584e-05,4.110388914899064e-05
100120.55126281502,0.0,27.434029139999996,496.6058038609624,8.366057718133147e-05,5.137953772673154e-05
152546.44827189,0.0,26.894838681450864,679.9291032241333,6.085118699373226e-05,5.137967853744879e-05
123493.83213856499,0.0,16.57684278,494.4684478613863,8.310961616295519e-05,3.0828579847407025e-05
209885.79537602002,0.0,7.063059347960773,115.86306668313495,0.0001162674353791715,5.137967206565021e-05
215100.94954313998,0.0,-14.48384494690474,94.66696226492563,0.00010455999112308544,8.2207478495949e-05
238051.21239195002,0.0,-30.833243103585268,228.92065326529521,9.301736793361437e-05,7.193154099377919e-05
234118.342836215,0.0,5.83102713126347,142.71137688135215,0.00010362444572995399,6.165560832731649e-05
208289.960673105,0.0,-9.302992919999998,376.8645818659899,9.218990093510792e-05,7.193154536279063e-05
103934.441136135,0.0,-2.6202807983332437,388.5749911073358,0.00013538364660002687,6.165561238029291e-05
224874.97180976503,0.0,-13.135651059662754,528.6741626445296,8.040287824460534e-05,0.00010275933913479687
195224.08400149998,0.0,1.3838140799999998,636.2436012447191,6.930334660896764e-05,5.1379817570802485e-05
217906.461661155,0.0,-3.5978468656575826,46.44999204152019,5.830753818942713e-05,4.110373918985893e-05
108234.66430504501,0.0,-0.4873178090100294,270.1177167125495,0.00013330132067102983,3.082780171819581e-05
167774.04255784,0.0,25.267719632952417,444.218720271478,0.00010052175791297691,0.0001027593444255647
242417.702368605,0.0,7.278751214999999,73.12804122278533,4.690157136856054e-05,7.193154146483822e-05
71616.92218906501,0.0,11.970675029999999,907.6202916421153,5.742412577989797e-05,2.0551867122862504e-05
201979.65271172998,0.0,17.64489424004564,92.83760344221594,6.78653166377996e-05,3.0827802102815436e-05
192368.49708255002,0.0,16.72202358269679,117.62052446532334,8.875880005316028e-05,4.1103740190847806e-05
185594.09932577,0.0,5.136695190635851,148.8728348960657,0.0001198927065947708,6.165633221527842e-05
142064.64163182,0.0,-38.78296076346203,393.13233688916944,9.837949263699186e-05,9.248340384995951e-05
156242.65518876,0.0,30.218829516523144,603.5110500972254,0.00011873336294673797,7.193153782532529e-05
121367.96175822,0.0,-9.626203480512991,259.6068661135518,0.00011810966800273936,9.248340505432689e-05
188840.53848992003,0.0,-23.93931623999999,485.6129830512259,7.634072041226903e-05,9.248340384120512e-05
188446.67848163,0.0,-14.606315242740903,301.89556086714254,8.634434991642736e-05,5.1379667878290416e-05
197065.68963069504,0.0,-16.261162733671014,390.3110542673958,8.601617680179086e-05,6.165560864153647e-05
228013.45088031498,0.0,-7.687325917183215,43.801045491570015,0.00010604424440097459,6.165561128007207e-05
243307.980083515,0.0,7.387813214188455,276.2906278721405,8.529311728241117e-05,8.220747705435012e-05
381473.660163565,0.0,-31.502293830486398,95.6061439122715,0.00011524382535340715,6.165560894828202e-05
480962.2185704051,0.0,103.88722193078709,73.72892451711348,0.00012469607145930927,9.248340679388692e-05
468135.742854315,0.0,113.08993128434278,227.93288987328998,8.409054633478185e-05,0.00010275934647935856
399413.998850977,0.0,-79.90268662499999,419.5669029489563,5.3899172011515613e-05,6.165560398292856e-05
232523.803728795,0.0,-21.00078063915052,245.03043931850294,0.00011336554943236932,3.082780753636357e-05
204484.72042148001,0.0,-15.159158603223652,168.43324590343195,0.00011281198583630524,9.24834126117364e-05
167626.18727272,0.0,9.67571262,321.88670346998146,7.293882838497745e-05,9.248342161551636e-05
85908.2006065,0.0,-16.069711904999966,443.4208850545292,7.271055417373717e-05,5.137967466825262e-05
188875.46907381498,0.0,-24.665340939889155,508.56459005006116,6.270331154563547e-05,5.1379671025930714e-05
106924.48752665501,0.0,4.518811731869826,508.712677095697,9.178735824482586e-05,4.110373422665027e-05
141018.904146455,0.0,-11.703921620444003,600.512355050425,6.229068096961887e-05,7.193154700648573e-05
31914.038550570003,0.0,5.31477510266233,222.51820267585794,8.150372953738883e-05,4.1103750027253415e-05
99872.50736618998,0.0,4.389592547749251,370.64691105562633,7.15685243938402e-05,6.165560289159127e-05
138324.31576923002,0.0,-11.086867961786792,485.37239909695984,9.059742981251894e-05,5.137967310416587e-05
180534.758591592,0.0,8.481944147833703,469.2328353917592,8.066723531568676e-05,7.193193684991524e-05
77639.89797115201,0.0,0.23198811332341426,193.97448449334854,0.00012811369265670834,6.165560027428441e-05
194593.410568975,0.0,39.10679432181094,316.4359278774567,7.996366933924137e-05,0.00011303527083560892
213671.01767585496,0.0,-16.861975193149465,34.181608545212434,0.00012700420546283618,6.165639168428271e-05
114688.71507467999,0.0,22.407645113483202,296.9458327094608,0.00010752300837093664,0.00011303527338662352
194188.37605899002,0.0,87.44093933999999,539.631961073294,6.954247282884408e-05,9.248340742012445e-05
61799.563108185,0.0,-18.19006534499997,424.30124763158744,5.06233476205098e-05,5.137967646157751e-05
61483.62687526501,0.0,6.8793620637285535,269.1140462526621,5.985993202882955e-05,3.082781915654173e-05
82243.092702825,0.0,13.271867088495304,296.6321030528031,5.9712740573537594e-05,4.110373572535572e-05
95231.17695248999,0.0,-3.168985993935975,392.4764512739973,6.885957814024901e-05,4.110373720506254e-05
143361.430851785,0.0,7.682941138800709,438.493005106212,9.644548127653917e-05,5.137967688117786e-05
215091.63935288,0.0,46.89124258649056,512.4039340055174,8.684728420397026e-05,8.220746548080372e-05
196231.51639163,0.0,-0.5915558010967801,515.0419020747369,6.815570387888047e-05,7.193154090270433e-05
57180.599094089994,0.0,13.500182114651892,136.36278008054765,7.71374981977202e-05,5.137967105065799e-05
72751.125374145,0.0,-17.234509049999993,399.14189445953735,6.775682943205852e-05,6.165560285075736e-05
39755.833844865,0.0,-13.031966877315316,97.51441285403986,5.8452799477729524e-05,5.13796837076452e-05
127889.70593068001,0.0,0.0,528.0782854213556,3.100121479553519e-05,4.110373756659691e-05
148772.656860555,0.0,29.627302699560943,308.70775768712747,8.549473506871186e-05,1.0276326368934114e-05
116266.11266533501,0.0,13.6405853594622,474.08676524864893,4.898601983379436e-05,7.193115396384889e-05
127540.50463188002,0.0,33.42415787613858,448.2016394876836,8.50379933817591e-05,3.082825668876424e-05
185453.240274645,0.0,-0.07159559217883738,412.2403297036521,8.475298949809139e-05,7.193111447082674e-05
173536.044471565,0.0,-3.2498043449999985,243.6472682949676,5.7543968333095824e-05,7.193232094348719e-05
194268.89890969,0.0,-6.774793064999999,152.79637388265465,7.532664138466427e-05,4.110373834695445e-05
248346.072387251,0.0,1.7664351556149207,210.88704406454684,9.295217167688774e-05,6.165561361868163e-05
3659.7573956099995,0.0,-15.618373154999997,29.50223485549963,5.703666750365044e-05,8.220746979817197e-05
135997.16512545,0.0,-5.6610161867245505,570.479938883451,7.466644382576604e-05,4.1103742104614965e-05
112397.00294104501,0.0,4.874746759130231,286.67069108371487,7.4450579011901e-05,6.165560680565723e-05
42662.579531175,0.0,-13.641430829999944,153.79841725598533,5.6582407305685315e-05,6.165560093462172e-05
102758.06914177499,0.0,-19.433122574999985,358.1447270904061,8.287884274488676e-05,4.110374722255476e-05
167873.11825728498,0.0,-23.310887365817596,841.8300532281569,3.8707747719719515e-05,7.193153894221548e-05
186808.1313582,0.0,15.342579741840112,182.4752825065092,7.37310037042216e-05,2.0551879409745424e-05
196079.58026957,0.0,-15.763451907974869,62.79000548486813,8.226242969768593e-05,6.165560433394427e-05
213903.25964226498,0.0,-18.61547087999999,169.12592907876422,7.329492400430126e-05,7.19315538078222e-05
135439.41115284,0.0,3.4118683003239285,522.7459100789791,7.309218867694645e-05,6.16556100535627e-05
198690.66774131602,0.0,-11.15236221688906,59.608652245676296,8.15548096941343e-05,6.165560136945233e-05
191156.25031919498,0.0,-32.870271885790274,214.9202765146195,8.994035001118839e-05,7.193154091665004e-05
193932.5945304,0.0,-48.87134625656715,398.23883387969664,6.38146696890618e-05,8.220747417123772e-05
185683.000906147,0.0,-9.247848520191862,581.3971514176719,5.507017199785857e-05,5.137967215348716e-05
149527.53332454502,0.0,-2.6705538927513652,319.524460464459,6.353399468565279e-05,4.110373975755312e-05
120857.08476115501,0.0,16.570000591172864,357.70832605795147,5.482933458324956e-05,5.1379674076707515e-05
107455.51433121,0.0,-0.01105177225821519,527.1983480580806,5.471891215376279e-05,4.11037474398859e-05
106349.73597001501,0.0,-0.003803380060366559,368.52396725820955,5.460930352053861e-05,4.110373686420111e-05
101409.69586874999,0.0,22.34925646499999,366.40841293905135,9.699827511657099e-05,4.1103737213671656e-05
87577.472759325,0.0,23.042177885315475,405.3712716361359,4.583107109722983e-05,9.248340687475907e-05
104437.8203931,0.0,-0.8340482687349217,492.6995642586746,5.4218631995451844e-05,3.0827802222485125e-05
15681.687273075,0.0,24.633627374999996,56.73198768129117,6.255715474161816e-05,4.1103737802525396e-05
189191.03086455,0.0,-33.119071064999986,768.6653044294749,3.7132334699789825e-05,5.1379677241748234e-05
78732.7209663,0.0,2.191568109556343,439.76441108855613,7.074558423981858e-05,2.055188224027373e-05
121289.084113185,0.0,-0.8189170949999518,430.234270066219,6.217650196720048e-05,6.165560404716829e-05
52422.50695374,0.0,-24.21620687119936,426.2869642296753,3.690749514993596e-05,5.137968968503199e-05
38431.50846615,0.0,7.07535098626826,259.82175691180055,7.867840519611312e-05,2.0551880210981153e-05
72361.434887085,0.0,0.1869796811445193,213.8686032894343,7.012457804740802e-05,7.193153568446245e-05
109659.29300157502,0.0,-3.5942821107606733,549.2601213195762,8.658050074016433e-05,6.165561824674829e-05
146271.975574284,0.0,1.0083657301813655,461.756100147208,6.144811285088814e-05,8.22074712124191e-05
116251.2685284,0.0,2.3364155236700035,220.14471248295234,6.13169700293914e-05,5.137967083397491e-05
62494.489616655,0.0,10.062694871669324,347.37774866028144,5.292690951223977e-05,5.137967571747143e-05
118398.289262895,0.0,-5.657634822547721,376.38168235101523,0.0001022652811437663,4.110373889169484e-05
156836.613165225,0.0,1.0759139237411506,299.18493346802984,6.086143370540475e-05,0.00010275935637928667
12685.410607770002,0.0,-0.0214863734193897,54.12633682297559,2.792476746605321e-05,5.1379673811462386e-05
158504.87717396,0.0,19.298171848785834,497.39382043786435,3.6096663257239036e-05,1.0276052769047186e-05
132120.345571245,0.0,-13.636596327008146,523.7607725144244,8.51337105504224e-05,2.05521901948053e-05
47270.454103095006,0.0,-1.263871415871755,165.29138926865105,4.669952314708903e-05,8.220705955009654e-05
65220.410837145,0.0,-4.771718422406027,187.6570078843405,4.669633638585857e-05,5.1379669344967104e-05
25884.253063590004,0.0,-10.907650844999946,217.53904263824631,3.4074757495086147e-05,5.137991741119383e-05
108378.980957625,0.0,-26.36598070955037,250.91081889216323,5.299895956178857e-05,3.082755737501556e-05
273843.015593475,0.0,-20.89124700741548,128.70688509235052,5.2994656303788626e-05,6.165560719976695e-05
421710.6011685,0.0,5.087088974719756,324.5656896540421,3.406794357394771e-05,6.16556043436304e-05
71235.56733771,0.0,-6.819017059661323,219.6952745326582,5.298725104787016e-05,3.082836331063322e-05
104621.933116275,0.0,29.917683207027622,388.3769358386503,3.406305800309983e-05,6.16550519039662e-05
6482.866577835,0.0,0.21574821667216723,29.244054861977297,4.036775426632277e-05,3.0827804365903245e-05
12939.547577729998,0.0,-3.5746490804590105,52.067345493108604,4.667136805408534e-05,4.110373434015082e-05
17281.70954217,0.0,16.68907472999999,380.51373948549895,5.297345884529347e-05,5.137980675860805e-05
102468.203348715,0.0,7.911546661203357,238.64437547011357,4.666416036046006e-05,6.165560137216214e-05
150011.21578868,0.0,0.0,606.452212223374,2.1442251965663183e-05,5.1379671558083764e-05
143509.297952125,0.0,0.0,482.6167969999999,1.5137139388444742e-05,1.0276327522493179e-05
104087.85752824502,0.0,0.0,202.81077063910817,3.404939103396454e-05,7.84963861016357e-10
94307.60348941499,0.0,-5.173307723773227,215.39180289387525,5.295964079249371e-05,3.082741276516507e-05
50294.92261290001,0.0,-22.129869331819727,230.4901618861537,4.6651984762638985e-05,6.16556031940311e-05
21220.52702388,0.0,-0.008039725440296214,189.96508247075508,4.664865996137024e-05,5.137966775633296e-05
46001.783328239995,0.0,0.06676690839988218,333.35337206292814,4.034279781849004e-05,5.137968548091521e-05
15593.225281260004,0.0,0.0039517050000039515,104.61485503151158,2.77358678800943e-05,4.1103734617169195e-05
143210.545610155,0.0,-1.9201673010092617,126.11392628662708,4.6640447772554604e-05,2.055186786716922e-05
18097.124815170006,0.0,-18.683659886505595,129.13665026319842,4.03357361258394e-05,5.1379670732471304e-05
3746.9657657999996,0.0,0.0,22.682452671351506,4.6634194601220535e-05,4.110378772678925e-05
78032.49499911,0.0,-0.17425065739671483,203.0037567187206,5.923185061047609e-05,5.137961484497854e-05
165176.593471745,0.0,6.1772580387936085,255.71975626354285,4.0326910162578056e-05,7.193154369767073e-05
76952.99086701601,0.0,6.970405364289145,334.55210791178376,4.662353901166649e-05,4.1104138740559655e-05
18972.913574745,0.0,-5.067997540426846,70.16498272749556,6.551754295207711e-05,5.137928432219658e-05
42879.245315985005,0.0,-0.3672087960809521,198.20257668763998,4.661575668558848e-05,8.220747118211539e-05
133309.997168365,0.0,-0.9851201849999646,321.47732086401186,4.031436062863381e-05,5.1379669119312824e-05
41460.518960730005,0.0,-26.051969189999955,141.74821209616044,5.290716490011449e-05,4.110375031404094e-05
179346.37022224,0.0,6.352759332310576,359.7613755284632,6.549739068300363e-05,6.165560614774839e-05
100670.623383805,0.0,3.008971842164634,550.6000818727226,4.660107669577584e-05,8.220825856025067e-05
17098.11577362,0.0,0.29743302649610237,224.22179366449578,4.030165373861694e-05,5.1379671872818046e-05
2751.50179233,0.0,-0.007981799003117612,14.439536329181403,5.9186086820141034e-05,4.1103734248377156e-05
